<?xml version="1.0" encoding="UTF-8"?>
<gpx xmlns="http://www.topografix.com/GPX/1/1"  creator="TraceDeTrail http://www.tracedetrail.fr" version="1.1" xmlns:xsi="http://www.w3.org/2001/XMLSchema-instance" xsi:schemaLocation="http://www.topografix.com/GPX/1/1 http://www.topografix.com/GPX/1/1/gpx.xsd ">
	<metadata>
		<name>Formosa Trail 18km</name>
		<desc>Export from GpsPrune</desc>
	</metadata>
	<trk>
		<name>Formosa Trail 18km</name>
		<number>1</number>
		<trkseg>
<trkpt lat="23.97371" lon="120.99404"><ele>506</ele><time>2023-10-18T00:01:21.000Z</time></trkpt>
<trkpt lat="23.97363" lon="120.99398"><ele>507</ele><time>2023-10-18T00:01:29.000Z</time></trkpt>
<trkpt lat="23.97362" lon="120.99396"><ele>507</ele><time>2023-10-18T00:01:31.000Z</time></trkpt>
<trkpt lat="23.97348" lon="120.99388"><ele>507</ele><time>2023-10-18T00:01:41.000Z</time></trkpt>
<trkpt lat="23.97329" lon="120.99376"><ele>507</ele><time>2023-10-18T00:01:49.000Z</time></trkpt>
<trkpt lat="23.97327" lon="120.99375"><ele>507</ele><time>2023-10-18T00:01:50.000Z</time></trkpt>
<trkpt lat="23.97324" lon="120.99374"><ele>507</ele><time>2023-10-18T00:01:51.000Z</time></trkpt>
<trkpt lat="23.97319" lon="120.99376"><ele>507</ele><time>2023-10-18T00:01:53.000Z</time></trkpt>
<trkpt lat="23.97312" lon="120.99391"><ele>507</ele><time>2023-10-18T00:01:59.000Z</time></trkpt>
<trkpt lat="23.97307" lon="120.994"><ele>508</ele><time>2023-10-18T00:02:04.000Z</time></trkpt>
<trkpt lat="23.97303" lon="120.99405"><ele>508</ele><time>2023-10-18T00:02:08.000Z</time></trkpt>
<trkpt lat="23.97293" lon="120.99425"><ele>509</ele><time>2023-10-18T00:02:17.000Z</time></trkpt>
<trkpt lat="23.97282" lon="120.99445"><ele>510</ele><time>2023-10-18T00:02:25.000Z</time></trkpt>
<trkpt lat="23.97278" lon="120.99454"><ele>510</ele><time>2023-10-18T00:02:29.000Z</time></trkpt>
<trkpt lat="23.97273" lon="120.99463"><ele>511</ele><time>2023-10-18T00:02:33.000Z</time></trkpt>
<trkpt lat="23.97263" lon="120.9949"><ele>512</ele><time>2023-10-18T00:02:44.000Z</time></trkpt>
<trkpt lat="23.97248" lon="120.99516"><ele>512</ele><time>2023-10-18T00:02:56.000Z</time></trkpt>
<trkpt lat="23.97241" lon="120.99533"><ele>513</ele><time>2023-10-18T00:03:03.000Z</time></trkpt>
<trkpt lat="23.97234" lon="120.99543"><ele>514</ele><time>2023-10-18T00:03:08.000Z</time></trkpt>
<trkpt lat="23.97227" lon="120.99554"><ele>514</ele><time>2023-10-18T00:03:13.000Z</time></trkpt>
<trkpt lat="23.97214" lon="120.99571"><ele>515</ele><time>2023-10-18T00:03:22.000Z</time></trkpt>
<trkpt lat="23.97208" lon="120.99579"><ele>515</ele><time>2023-10-18T00:03:27.000Z</time></trkpt>
<trkpt lat="23.97206" lon="120.9958"><ele>515</ele><time>2023-10-18T00:03:28.000Z</time></trkpt>
<trkpt lat="23.97204" lon="120.99582"><ele>515</ele><time>2023-10-18T00:03:30.000Z</time></trkpt>
<trkpt lat="23.972" lon="120.9959"><ele>516</ele><time>2023-10-18T00:03:35.000Z</time></trkpt>
<trkpt lat="23.97168" lon="120.99609"><ele>516</ele><time>2023-10-18T00:03:52.000Z</time></trkpt>
<trkpt lat="23.97143" lon="120.99621"><ele>517</ele><time>2023-10-18T00:04:03.000Z</time></trkpt>
<trkpt lat="23.97118" lon="120.9963"><ele>518</ele><time>2023-10-18T00:04:14.000Z</time></trkpt>
<trkpt lat="23.97109" lon="120.99631"><ele>518</ele><time>2023-10-18T00:04:20.000Z</time></trkpt>
<trkpt lat="23.971" lon="120.99631"><ele>518</ele><time>2023-10-18T00:04:26.000Z</time></trkpt>
<trkpt lat="23.97098" lon="120.99633"><ele>518</ele><time>2023-10-18T00:04:27.000Z</time></trkpt>
<trkpt lat="23.9709" lon="120.99637"><ele>518</ele><time>2023-10-18T00:04:33.000Z</time></trkpt>
<trkpt lat="23.97083" lon="120.99637"><ele>518</ele><time>2023-10-18T00:04:37.000Z</time></trkpt>
<trkpt lat="23.97075" lon="120.99642"><ele>519</ele><time>2023-10-18T00:04:41.000Z</time></trkpt>
<trkpt lat="23.97066" lon="120.99651"><ele>519</ele><time>2023-10-18T00:04:46.000Z</time></trkpt>
<trkpt lat="23.97061" lon="120.99652"><ele>519</ele><time>2023-10-18T00:04:48.000Z</time></trkpt>
<trkpt lat="23.97057" lon="120.99651"><ele>519</ele><time>2023-10-18T00:04:50.000Z</time></trkpt>
<trkpt lat="23.97046667003586" lon="120.99663020370484"><ele>519</ele><time>2023-10-18T00:04:51Z</time></trkpt>
<trkpt lat="23.970381768224588" lon="120.99669795833587"><ele>519</ele><time>2023-10-18T00:04:56Z</time></trkpt>
<trkpt lat="23.97023255397615" lon="120.99680498413086"><ele>519</ele><time>2023-10-18T00:05:01Z</time></trkpt>
<trkpt lat="23.97009529466802" lon="120.99694982341767"><ele>519</ele><time>2023-10-18T00:05:11Z</time></trkpt>
<trkpt lat="23.96991469663619" lon="120.99710897686005"><ele>520</ele><time>2023-10-18T00:05:36Z</time></trkpt>
<trkpt lat="23.969776652831833" lon="120.99729416469575"><ele>520</ele><time>2023-10-18T00:05:56Z</time></trkpt>
<trkpt lat="23.969629767506028" lon="120.99735731086732"><ele>520</ele><time>2023-10-18T00:07:03Z</time></trkpt>
<trkpt lat="23.969512707650548" lon="120.99738602977753"><ele>520</ele><time>2023-10-18T00:07:44Z</time></trkpt>
<trkpt lat="23.969458002555722" lon="120.99744938426971"><ele>521</ele><time>2023-10-18T00:08:13Z</time></trkpt>
<trkpt lat="23.969441726877864" lon="120.99749539154053"><ele>522</ele><time>2023-10-18T00:08:47Z</time></trkpt>
<trkpt lat="23.96925996767626" lon="120.99761585781097"><ele>522</ele><time>2023-10-18T00:08:49Z</time></trkpt>
<trkpt lat="23.96907467492894" lon="120.99773737434387"><ele>523</ele><time>2023-10-18T00:09:17Z</time></trkpt>
<trkpt lat="23.96895448478771" lon="120.99779492527009"><ele>523</ele><time>2023-10-18T00:09:24Z</time></trkpt>
<trkpt lat="23.968764098664245" lon="120.99789221363068"><ele>523</ele><time>2023-10-18T00:09:27Z</time></trkpt>
<trkpt lat="23.968638417567558" lon="120.99783101852417"><ele>523</ele><time>2023-10-18T00:09:32Z</time></trkpt>
<trkpt lat="23.968539208723286" lon="120.997719416008"><ele>524</ele><time>2023-10-18T00:09:45Z</time></trkpt>
<trkpt lat="23.96838784058805" lon="120.99757702579498"><ele>524</ele><time>2023-10-18T00:09:47Z</time></trkpt>
<trkpt lat="23.96828" lon="120.99747"><ele>524</ele><time>2023-10-18T00:09:49.000Z</time></trkpt>
<trkpt lat="23.96827" lon="120.99749"><ele>524</ele><time>2023-10-18T00:09:50.000Z</time></trkpt>
<trkpt lat="23.96825" lon="120.9975"><ele>524</ele><time>2023-10-18T00:09:51.000Z</time></trkpt>
<trkpt lat="23.96817" lon="120.99752"><ele>524</ele><time>2023-10-18T00:09:54.000Z</time></trkpt>
<trkpt lat="23.96789" lon="120.99754"><ele>525</ele><time>2023-10-18T00:10:05.000Z</time></trkpt>
<trkpt lat="23.96779" lon="120.99755"><ele>525</ele><time>2023-10-18T00:10:09.000Z</time></trkpt>
<trkpt lat="23.96775" lon="120.99756"><ele>525</ele><time>2023-10-18T00:10:11.000Z</time></trkpt>
<trkpt lat="23.9677" lon="120.99757"><ele>525</ele><time>2023-10-18T00:10:13.000Z</time></trkpt>
<trkpt lat="23.96764" lon="120.99758"><ele>526</ele><time>2023-10-18T00:10:15.000Z</time></trkpt>
<trkpt lat="23.9675" lon="120.99763"><ele>526</ele><time>2023-10-18T00:10:21.000Z</time></trkpt>
<trkpt lat="23.96735" lon="120.99772"><ele>526</ele><time>2023-10-18T00:10:28.000Z</time></trkpt>
<trkpt lat="23.96713" lon="120.99784"><ele>526</ele><time>2023-10-18T00:10:38.000Z</time></trkpt>
<trkpt lat="23.96693" lon="120.99791"><ele>526</ele><time>2023-10-18T00:10:47.000Z</time></trkpt>
<trkpt lat="23.96668" lon="120.99801"><ele>527</ele><time>2023-10-18T00:10:58.000Z</time></trkpt>
<trkpt lat="23.96645" lon="120.99806"><ele>527</ele><time>2023-10-18T00:11:08.000Z</time></trkpt>
<trkpt lat="23.96632" lon="120.9981"><ele>527</ele><time>2023-10-18T00:11:13.000Z</time></trkpt>
<trkpt lat="23.96626" lon="120.99813"><ele>527</ele><time>2023-10-18T00:11:16.000Z</time></trkpt>
<trkpt lat="23.9662" lon="120.99816"><ele>527</ele><time>2023-10-18T00:11:19.000Z</time></trkpt>
<trkpt lat="23.96606" lon="120.9983"><ele>527</ele><time>2023-10-18T00:11:27.000Z</time></trkpt>
<trkpt lat="23.96589" lon="120.99844"><ele>527</ele><time>2023-10-18T00:11:36.000Z</time></trkpt>
<trkpt lat="23.96578" lon="120.9985"><ele>527</ele><time>2023-10-18T00:11:41.000Z</time></trkpt>
<trkpt lat="23.96569" lon="120.99851"><ele>526</ele><time>2023-10-18T00:11:45.000Z</time></trkpt>
<trkpt lat="23.96551" lon="120.99851"><ele>526</ele><time>2023-10-18T00:11:54.000Z</time></trkpt>
<trkpt lat="23.96534" lon="120.99854"><ele>526</ele><time>2023-10-18T00:12:06.000Z</time></trkpt>
<trkpt lat="23.96516" lon="120.99858"><ele>525</ele><time>2023-10-18T00:12:14.000Z</time></trkpt>
<trkpt lat="23.96511" lon="120.99858"><ele>525</ele><time>2023-10-18T00:12:17.000Z</time></trkpt>
<trkpt lat="23.96499" lon="120.99855"><ele>525</ele><time>2023-10-18T00:12:23.000Z</time></trkpt>
<trkpt lat="23.96484" lon="120.9985"><ele>525</ele><time>2023-10-18T00:12:29.000Z</time></trkpt>
<trkpt lat="23.96461" lon="120.99833"><ele>524</ele><time>2023-10-18T00:12:40.000Z</time></trkpt>
<trkpt lat="23.96443" lon="120.99823"><ele>524</ele><time>2023-10-18T00:12:49.000Z</time></trkpt>
<trkpt lat="23.96427" lon="120.99816"><ele>525</ele><time>2023-10-18T00:12:56.000Z</time></trkpt>
<trkpt lat="23.96417" lon="120.99811"><ele>525</ele><time>2023-10-18T00:13:01.000Z</time></trkpt>
<trkpt lat="23.96396" lon="120.99801"><ele>525</ele><time>2023-10-18T00:13:11.000Z</time></trkpt>
<trkpt lat="23.96391" lon="120.99798"><ele>525</ele><time>2023-10-18T00:13:13.000Z</time></trkpt>
<trkpt lat="23.96387" lon="120.99793"><ele>525</ele><time>2023-10-18T00:13:16.000Z</time></trkpt>
<trkpt lat="23.96377" lon="120.99778"><ele>525</ele><time>2023-10-18T00:13:23.000Z</time></trkpt>
<trkpt lat="23.96372" lon="120.99772"><ele>525</ele><time>2023-10-18T00:13:26.000Z</time></trkpt>
<trkpt lat="23.96368" lon="120.99769"><ele>525</ele><time>2023-10-18T00:13:28.000Z</time></trkpt>
<trkpt lat="23.96365" lon="120.99765"><ele>525</ele><time>2023-10-18T00:13:30.000Z</time></trkpt>
<trkpt lat="23.96342" lon="120.99735"><ele>525</ele><time>2023-10-18T00:13:45.000Z</time></trkpt>
<trkpt lat="23.96334" lon="120.99719"><ele>525</ele><time>2023-10-18T00:13:52.000Z</time></trkpt>
<trkpt lat="23.96319" lon="120.99701"><ele>525</ele><time>2023-10-18T00:14:02.000Z</time></trkpt>
<trkpt lat="23.96313" lon="120.99697"><ele>525</ele><time>2023-10-18T00:14:05.000Z</time></trkpt>
<trkpt lat="23.96296" lon="120.99687"><ele>525</ele><time>2023-10-18T00:14:13.000Z</time></trkpt>
<trkpt lat="23.96283" lon="120.99678"><ele>525</ele><time>2023-10-18T00:14:20.000Z</time></trkpt>
<trkpt lat="23.9626" lon="120.99668"><ele>525</ele><time>2023-10-18T00:14:31.000Z</time></trkpt>
<trkpt lat="23.96255" lon="120.99667"><ele>525</ele><time>2023-10-18T00:14:34.000Z</time></trkpt>
<trkpt lat="23.96248" lon="120.99669"><ele>525</ele><time>2023-10-18T00:14:38.000Z</time></trkpt>
<trkpt lat="23.96243" lon="120.99671"><ele>525</ele><time>2023-10-18T00:14:41.000Z</time></trkpt>
<trkpt lat="23.9624" lon="120.99674"><ele>525</ele><time>2023-10-18T00:14:43.000Z</time></trkpt>
<trkpt lat="23.96236" lon="120.99684"><ele>525</ele><time>2023-10-18T00:14:47.000Z</time></trkpt>
<trkpt lat="23.96235" lon="120.99703"><ele>525</ele><time>2023-10-18T00:14:55.000Z</time></trkpt>
<trkpt lat="23.96233" lon="120.9971"><ele>525</ele><time>2023-10-18T00:14:58.000Z</time></trkpt>
<trkpt lat="23.9623" lon="120.99714"><ele>526</ele><time>2023-10-18T00:15:00.000Z</time></trkpt>
<trkpt lat="23.96223" lon="120.99723"><ele>526</ele><time>2023-10-18T00:15:04.000Z</time></trkpt>
<trkpt lat="23.96215" lon="120.99729"><ele>526</ele><time>2023-10-18T00:15:08.000Z</time></trkpt>
<trkpt lat="23.96206" lon="120.99733"><ele>526</ele><time>2023-10-18T00:15:12.000Z</time></trkpt>
<trkpt lat="23.96199" lon="120.99735"><ele>526</ele><time>2023-10-18T00:15:15.000Z</time></trkpt>
<trkpt lat="23.96192" lon="120.99736"><ele>526</ele><time>2023-10-18T00:15:18.000Z</time></trkpt>
<trkpt lat="23.96183" lon="120.99738"><ele>526</ele><time>2023-10-18T00:15:22.000Z</time></trkpt>
<trkpt lat="23.96169" lon="120.99751"><ele>526</ele><time>2023-10-18T00:15:30.000Z</time></trkpt>
<trkpt lat="23.96161" lon="120.99755"><ele>526</ele><time>2023-10-18T00:15:34.000Z</time></trkpt>
<trkpt lat="23.96149" lon="120.99767"><ele>525</ele><time>2023-10-18T00:15:43.000Z</time></trkpt>
<trkpt lat="23.96148" lon="120.99771"><ele>525</ele><time>2023-10-18T00:15:45.000Z</time></trkpt>
<trkpt lat="23.96148" lon="120.99775"><ele>525</ele><time>2023-10-18T00:15:47.000Z</time></trkpt>
<trkpt lat="23.96148" lon="120.99787"><ele>525</ele><time>2023-10-18T00:15:52.000Z</time></trkpt>
<trkpt lat="23.96151" lon="120.998"><ele>526</ele><time>2023-10-18T00:15:57.000Z</time></trkpt>
<trkpt lat="23.96151" lon="120.99807"><ele>525</ele><time>2023-10-18T00:16:00.000Z</time></trkpt>
<trkpt lat="23.9615" lon="120.99812"><ele>525</ele><time>2023-10-18T00:16:02.000Z</time></trkpt>
<trkpt lat="23.96148" lon="120.99815"><ele>526</ele><time>2023-10-18T00:16:04.000Z</time></trkpt>
<trkpt lat="23.96139" lon="120.99822"><ele>526</ele><time>2023-10-18T00:16:09.000Z</time></trkpt>
<trkpt lat="23.96136" lon="120.99823"><ele>526</ele><time>2023-10-18T00:16:10.000Z</time></trkpt>
<trkpt lat="23.96131" lon="120.99823"><ele>526</ele><time>2023-10-18T00:16:12.000Z</time></trkpt>
<trkpt lat="23.96128" lon="120.99824"><ele>526</ele><time>2023-10-18T00:16:13.000Z</time></trkpt>
<trkpt lat="23.96112" lon="120.99819"><ele>526</ele><time>2023-10-18T00:16:20.000Z</time></trkpt>
<trkpt lat="23.96108" lon="120.99814"><ele>526</ele><time>2023-10-18T00:16:23.000Z</time></trkpt>
<trkpt lat="23.96105" lon="120.99806"><ele>526</ele><time>2023-10-18T00:16:25.000Z</time></trkpt>
<trkpt lat="23.96104" lon="120.99801"><ele>526</ele><time>2023-10-18T00:16:27.000Z</time></trkpt>
<trkpt lat="23.961" lon="120.99783"><ele>525</ele><time>2023-10-18T00:16:32.000Z</time></trkpt>
<trkpt lat="23.96099" lon="120.99771"><ele>525</ele><time>2023-10-18T00:16:37.000Z</time></trkpt>
<trkpt lat="23.96101" lon="120.99759"><ele>525</ele><time>2023-10-18T00:16:42.000Z</time></trkpt>
<trkpt lat="23.96101" lon="120.99751"><ele>525</ele><time>2023-10-18T00:16:45.000Z</time></trkpt>
<trkpt lat="23.96094" lon="120.99723"><ele>525</ele><time>2023-10-18T00:16:58.000Z</time></trkpt>
<trkpt lat="23.96091" lon="120.99713"><ele>525</ele><time>2023-10-18T00:17:02.000Z</time></trkpt>
<trkpt lat="23.96086" lon="120.99707"><ele>525</ele><time>2023-10-18T00:17:05.000Z</time></trkpt>
<trkpt lat="23.9608" lon="120.9969"><ele>525</ele><time>2023-10-18T00:17:12.000Z</time></trkpt>
<trkpt lat="23.96074" lon="120.9968"><ele>526</ele><time>2023-10-18T00:17:17.000Z</time></trkpt>
<trkpt lat="23.96069" lon="120.99671"><ele>526</ele><time>2023-10-18T00:17:21.000Z</time></trkpt>
<trkpt lat="23.96066" lon="120.99659"><ele>526</ele><time>2023-10-18T00:17:26.000Z</time></trkpt>
<trkpt lat="23.96065" lon="120.99649"><ele>525</ele><time>2023-10-18T00:17:30.000Z</time></trkpt>
<trkpt lat="23.96062" lon="120.99638"><ele>525</ele><time>2023-10-18T00:17:34.000Z</time></trkpt>
<trkpt lat="23.96056" lon="120.99623"><ele>525</ele><time>2023-10-18T00:17:40.000Z</time></trkpt>
<trkpt lat="23.96052" lon="120.99616"><ele>525</ele><time>2023-10-18T00:17:43.000Z</time></trkpt>
<trkpt lat="23.96048" lon="120.99604"><ele>526</ele><time>2023-10-18T00:17:49.000Z</time></trkpt>
<trkpt lat="23.96048" lon="120.99596"><ele>526</ele><time>2023-10-18T00:17:52.000Z</time></trkpt>
<trkpt lat="23.96048" lon="120.99588"><ele>526</ele><time>2023-10-18T00:17:56.000Z</time></trkpt>
<trkpt lat="23.96051" lon="120.99574"><ele>526</ele><time>2023-10-18T00:18:02.000Z</time></trkpt>
<trkpt lat="23.96052" lon="120.99568"><ele>526</ele><time>2023-10-18T00:18:05.000Z</time></trkpt>
<trkpt lat="23.9605" lon="120.99559"><ele>526</ele><time>2023-10-18T00:18:09.000Z</time></trkpt>
<trkpt lat="23.96045" lon="120.99547"><ele>526</ele><time>2023-10-18T00:18:14.000Z</time></trkpt>
<trkpt lat="23.96037" lon="120.99536"><ele>526</ele><time>2023-10-18T00:18:20.000Z</time></trkpt>
<trkpt lat="23.96032" lon="120.9953"><ele>526</ele><time>2023-10-18T00:18:23.000Z</time></trkpt>
<trkpt lat="23.96022" lon="120.99524"><ele>526</ele><time>2023-10-18T00:18:28.000Z</time></trkpt>
<trkpt lat="23.96015" lon="120.99517"><ele>526</ele><time>2023-10-18T00:18:31.000Z</time></trkpt>
<trkpt lat="23.96013" lon="120.99513"><ele>526</ele><time>2023-10-18T00:18:33.000Z</time></trkpt>
<trkpt lat="23.96011" lon="120.99502"><ele>525</ele><time>2023-10-18T00:18:37.000Z</time></trkpt>
<trkpt lat="23.96011" lon="120.99494"><ele>526</ele><time>2023-10-18T00:18:40.000Z</time></trkpt>
<trkpt lat="23.96009" lon="120.99479"><ele>526</ele><time>2023-10-18T00:18:46.000Z</time></trkpt>
<trkpt lat="23.96009" lon="120.99472"><ele>526</ele><time>2023-10-18T00:18:49.000Z</time></trkpt>
<trkpt lat="23.96009" lon="120.99461"><ele>526</ele><time>2023-10-18T00:18:54.000Z</time></trkpt>
<trkpt lat="23.96009" lon="120.99456"><ele>526</ele><time>2023-10-18T00:18:56.000Z</time></trkpt>
<trkpt lat="23.96003" lon="120.99445"><ele>526</ele><time>2023-10-18T00:19:01.000Z</time></trkpt>
<trkpt lat="23.95995" lon="120.99435"><ele>526</ele><time>2023-10-18T00:19:06.000Z</time></trkpt>
<trkpt lat="23.95988" lon="120.99428"><ele>526</ele><time>2023-10-18T00:19:10.000Z</time></trkpt>
<trkpt lat="23.95984" lon="120.99427"><ele>526</ele><time>2023-10-18T00:19:12.000Z</time></trkpt>
<trkpt lat="23.95971" lon="120.9943"><ele>526</ele><time>2023-10-18T00:19:16.000Z</time></trkpt>
<trkpt lat="23.95957" lon="120.99438"><ele>526</ele><time>2023-10-18T00:19:22.000Z</time></trkpt>
<trkpt lat="23.95951" lon="120.99441"><ele>526</ele><time>2023-10-18T00:19:25.000Z</time></trkpt>
<trkpt lat="23.95944" lon="120.99442"><ele>526</ele><time>2023-10-18T00:19:28.000Z</time></trkpt>
<trkpt lat="23.95918" lon="120.9944"><ele>526</ele><time>2023-10-18T00:19:38.000Z</time></trkpt>
<trkpt lat="23.95914" lon="120.9944"><ele>526</ele><time>2023-10-18T00:19:40.000Z</time></trkpt>
<trkpt lat="23.95908" lon="120.99442"><ele>526</ele><time>2023-10-18T00:19:43.000Z</time></trkpt>
<trkpt lat="23.95897" lon="120.99447"><ele>526</ele><time>2023-10-18T00:19:48.000Z</time></trkpt>
<trkpt lat="23.95892" lon="120.99452"><ele>526</ele><time>2023-10-18T00:19:51.000Z</time></trkpt>
<trkpt lat="23.95888" lon="120.99456"><ele>526</ele><time>2023-10-18T00:19:53.000Z</time></trkpt>
<trkpt lat="23.95885" lon="120.99466"><ele>526</ele><time>2023-10-18T00:19:57.000Z</time></trkpt>
<trkpt lat="23.95881" lon="120.99483"><ele>526</ele><time>2023-10-18T00:20:03.000Z</time></trkpt>
<trkpt lat="23.9588" lon="120.99486"><ele>526</ele><time>2023-10-18T00:20:04.000Z</time></trkpt>
<trkpt lat="23.95877" lon="120.99492"><ele>526</ele><time>2023-10-18T00:20:07.000Z</time></trkpt>
<trkpt lat="23.95869" lon="120.99504"><ele>526</ele><time>2023-10-18T00:20:13.000Z</time></trkpt>
<trkpt lat="23.9586" lon="120.99513"><ele>526</ele><time>2023-10-18T00:20:18.000Z</time></trkpt>
<trkpt lat="23.9585" lon="120.99522"><ele>526</ele><time>2023-10-18T00:20:23.000Z</time></trkpt>
<trkpt lat="23.95837" lon="120.99528"><ele>526</ele><time>2023-10-18T00:20:29.000Z</time></trkpt>
<trkpt lat="23.95824" lon="120.99535"><ele>526</ele><time>2023-10-18T00:20:35.000Z</time></trkpt>
<trkpt lat="23.9582" lon="120.99539"><ele>526</ele><time>2023-10-18T00:20:38.000Z</time></trkpt>
<trkpt lat="23.95817" lon="120.99545"><ele>525</ele><time>2023-10-18T00:20:41.000Z</time></trkpt>
<trkpt lat="23.95814" lon="120.99553"><ele>526</ele><time>2023-10-18T00:20:44.000Z</time></trkpt>
<trkpt lat="23.95813" lon="120.99563"><ele>526</ele><time>2023-10-18T00:20:48.000Z</time></trkpt>
<trkpt lat="23.95812" lon="120.99568"><ele>526</ele><time>2023-10-18T00:20:50.000Z</time></trkpt>
<trkpt lat="23.95812" lon="120.99575"><ele>525</ele><time>2023-10-18T00:20:53.000Z</time></trkpt>
<trkpt lat="23.95813" lon="120.99585"><ele>525</ele><time>2023-10-18T00:20:57.000Z</time></trkpt>
<trkpt lat="23.95815" lon="120.99592"><ele>525</ele><time>2023-10-18T00:21:00.000Z</time></trkpt>
<trkpt lat="23.95822" lon="120.99608"><ele>525</ele><time>2023-10-18T00:21:06.000Z</time></trkpt>
<trkpt lat="23.95827" lon="120.99614"><ele>525</ele><time>2023-10-18T00:21:09.000Z</time></trkpt>
<trkpt lat="23.95839" lon="120.99624"><ele>526</ele><time>2023-10-18T00:21:15.000Z</time></trkpt>
<trkpt lat="23.9585" lon="120.99638"><ele>526</ele><time>2023-10-18T00:21:23.000Z</time></trkpt>
<trkpt lat="23.95854" lon="120.99642"><ele>526</ele><time>2023-10-18T00:21:25.000Z</time></trkpt>
<trkpt lat="23.95858" lon="120.99644"><ele>526</ele><time>2023-10-18T00:21:27.000Z</time></trkpt>
<trkpt lat="23.95869" lon="120.99648"><ele>526</ele><time>2023-10-18T00:21:31.000Z</time></trkpt>
<trkpt lat="23.95873" lon="120.9965"><ele>526</ele><time>2023-10-18T00:21:33.000Z</time></trkpt>
<trkpt lat="23.95876" lon="120.99653"><ele>526</ele><time>2023-10-18T00:21:35.000Z</time></trkpt>
<trkpt lat="23.95878" lon="120.99659"><ele>526</ele><time>2023-10-18T00:21:38.000Z</time></trkpt>
<trkpt lat="23.95883" lon="120.99681"><ele>526</ele><time>2023-10-18T00:21:48.000Z</time></trkpt>
<trkpt lat="23.95887" lon="120.99691"><ele>526</ele><time>2023-10-18T00:21:54.000Z</time></trkpt>
<trkpt lat="23.9589" lon="120.99709"><ele>526</ele><time>2023-10-18T00:22:01.000Z</time></trkpt>
<trkpt lat="23.95889" lon="120.99721"><ele>526</ele><time>2023-10-18T00:22:06.000Z</time></trkpt>
<trkpt lat="23.95884" lon="120.99747"><ele>526</ele><time>2023-10-18T00:22:17.000Z</time></trkpt>
<trkpt lat="23.95884" lon="120.99752"><ele>526</ele><time>2023-10-18T00:22:22.000Z</time></trkpt>
<trkpt lat="23.95885" lon="120.99751"><ele>525</ele><time>2023-10-18T00:22:24.000Z</time></trkpt>
<trkpt lat="23.95884" lon="120.99754"><ele>525</ele><time>2023-10-18T00:22:32.000Z</time></trkpt>
<trkpt lat="23.95886" lon="120.99755"><ele>525</ele><time>2023-10-18T00:22:44.000Z</time></trkpt>
<trkpt lat="23.95883" lon="120.99762"><ele>524</ele><time>2023-10-18T00:22:49.000Z</time></trkpt>
<trkpt lat="23.9588" lon="120.99765"><ele>524</ele><time>2023-10-18T00:22:51.000Z</time></trkpt>
<trkpt lat="23.95878" lon="120.99765"><ele>525</ele><time>2023-10-18T00:22:53.000Z</time></trkpt>
<trkpt lat="23.95878" lon="120.99764"><ele>525</ele><time>2023-10-18T00:22:54.000Z</time></trkpt>
<trkpt lat="23.95876" lon="120.99753"><ele>527</ele><time>2023-10-18T00:23:02.000Z</time></trkpt>
<trkpt lat="23.95873" lon="120.99743"><ele>529</ele><time>2023-10-18T00:23:10.000Z</time></trkpt>
<trkpt lat="23.95872" lon="120.99739"><ele>530</ele><time>2023-10-18T00:23:13.000Z</time></trkpt>
<trkpt lat="23.95873" lon="120.99726"><ele>534</ele><time>2023-10-18T00:23:24.000Z</time></trkpt>
<trkpt lat="23.9587" lon="120.99717"><ele>536</ele><time>2023-10-18T00:23:38.000Z</time></trkpt>
<trkpt lat="23.95871" lon="120.99716"><ele>536</ele><time>2023-10-18T00:23:39.000Z</time></trkpt>
<trkpt lat="23.95872" lon="120.99715"><ele>536</ele><time>2023-10-18T00:23:41.000Z</time></trkpt>
<trkpt lat="23.95873" lon="120.99716"><ele>537</ele><time>2023-10-18T00:23:45.000Z</time></trkpt>
<trkpt lat="23.95872" lon="120.99714"><ele>537</ele><time>2023-10-18T00:23:47.000Z</time></trkpt>
<trkpt lat="23.95866" lon="120.99707"><ele>537</ele><time>2023-10-18T00:23:52.000Z</time></trkpt>
<trkpt lat="23.95862" lon="120.99703"><ele>538</ele><time>2023-10-18T00:23:57.000Z</time></trkpt>
<trkpt lat="23.95842" lon="120.99694"><ele>545</ele><time>2023-10-18T00:24:19.000Z</time></trkpt>
<trkpt lat="23.95836" lon="120.99688"><ele>547</ele><time>2023-10-18T00:24:28.000Z</time></trkpt>
<trkpt lat="23.95828" lon="120.99683"><ele>551</ele><time>2023-10-18T00:24:40.000Z</time></trkpt>
<trkpt lat="23.95816" lon="120.99683"><ele>554</ele><time>2023-10-18T00:24:54.000Z</time></trkpt>
<trkpt lat="23.95814" lon="120.99684"><ele>555</ele><time>2023-10-18T00:24:56.000Z</time></trkpt>
<trkpt lat="23.95814" lon="120.99686"><ele>555</ele><time>2023-10-18T00:24:59.000Z</time></trkpt>
<trkpt lat="23.95811" lon="120.99686"><ele>556</ele><time>2023-10-18T00:25:09.000Z</time></trkpt>
<trkpt lat="23.95819" lon="120.99694"><ele>557</ele><time>2023-10-18T00:25:17.000Z</time></trkpt>
<trkpt lat="23.95819" lon="120.99695"><ele>558</ele><time>2023-10-18T00:25:18.000Z</time></trkpt>
<trkpt lat="23.9582" lon="120.99695"><ele>558</ele><time>2023-10-18T00:25:22.000Z</time></trkpt>
<trkpt lat="23.95819" lon="120.99694"><ele>559</ele><time>2023-10-18T00:25:26.000Z</time></trkpt>
<trkpt lat="23.95822" lon="120.99702"><ele>559</ele><time>2023-10-18T00:25:31.000Z</time></trkpt>
<trkpt lat="23.95821" lon="120.99707"><ele>559</ele><time>2023-10-18T00:25:35.000Z</time></trkpt>
<trkpt lat="23.95819" lon="120.99711"><ele>560</ele><time>2023-10-18T00:25:37.000Z</time></trkpt>
<trkpt lat="23.95817" lon="120.99713"><ele>560</ele><time>2023-10-18T00:25:40.000Z</time></trkpt>
<trkpt lat="23.95814" lon="120.99713"><ele>561</ele><time>2023-10-18T00:25:42.000Z</time></trkpt>
<trkpt lat="23.95812" lon="120.99713"><ele>562</ele><time>2023-10-18T00:25:44.000Z</time></trkpt>
<trkpt lat="23.95811" lon="120.99711"><ele>562</ele><time>2023-10-18T00:25:45.000Z</time></trkpt>
<trkpt lat="23.95807" lon="120.99704"><ele>563</ele><time>2023-10-18T00:25:51.000Z</time></trkpt>
<trkpt lat="23.95807" lon="120.99703"><ele>564</ele><time>2023-10-18T00:25:56.000Z</time></trkpt>
<trkpt lat="23.95804" lon="120.997"><ele>564</ele><time>2023-10-18T00:26:00.000Z</time></trkpt>
<trkpt lat="23.95793" lon="120.99695"><ele>566</ele><time>2023-10-18T00:26:10.000Z</time></trkpt>
<trkpt lat="23.95787" lon="120.99691"><ele>568</ele><time>2023-10-18T00:26:18.000Z</time></trkpt>
<trkpt lat="23.95776" lon="120.99688"><ele>571</ele><time>2023-10-18T00:26:31.000Z</time></trkpt>
<trkpt lat="23.95775" lon="120.99689"><ele>572</ele><time>2023-10-18T00:26:33.000Z</time></trkpt>
<trkpt lat="23.95774" lon="120.99692"><ele>573</ele><time>2023-10-18T00:26:38.000Z</time></trkpt>
<trkpt lat="23.95774" lon="120.99692"><ele>574</ele><time>2023-10-18T00:26:41.000Z</time></trkpt>
<trkpt lat="23.95774" lon="120.99697"><ele>575</ele><time>2023-10-18T00:26:50.000Z</time></trkpt>
<trkpt lat="23.95772" lon="120.99702"><ele>575</ele><time>2023-10-18T00:26:54.000Z</time></trkpt>
<trkpt lat="23.95768" lon="120.99704"><ele>576</ele><time>2023-10-18T00:26:58.000Z</time></trkpt>
<trkpt lat="23.95764" lon="120.99705"><ele>577</ele><time>2023-10-18T00:27:01.000Z</time></trkpt>
<trkpt lat="23.95762" lon="120.99705"><ele>578</ele><time>2023-10-18T00:27:03.000Z</time></trkpt>
<trkpt lat="23.95758" lon="120.997"><ele>579</ele><time>2023-10-18T00:27:15.000Z</time></trkpt>
<trkpt lat="23.95754" lon="120.997"><ele>580</ele><time>2023-10-18T00:27:19.000Z</time></trkpt>
<trkpt lat="23.95752" lon="120.99709"><ele>583</ele><time>2023-10-18T00:27:30.000Z</time></trkpt>
<trkpt lat="23.9575" lon="120.99713"><ele>583</ele><time>2023-10-18T00:27:34.000Z</time></trkpt>
<trkpt lat="23.95746" lon="120.99718"><ele>584</ele><time>2023-10-18T00:27:39.000Z</time></trkpt>
<trkpt lat="23.95744" lon="120.99716"><ele>584</ele><time>2023-10-18T00:27:42.000Z</time></trkpt>
<trkpt lat="23.95742" lon="120.99717"><ele>585</ele><time>2023-10-18T00:27:45.000Z</time></trkpt>
<trkpt lat="23.95739" lon="120.99725"><ele>585</ele><time>2023-10-18T00:27:51.000Z</time></trkpt>
<trkpt lat="23.95735" lon="120.9973"><ele>585</ele><time>2023-10-18T00:27:56.000Z</time></trkpt>
<trkpt lat="23.95727" lon="120.99737"><ele>585</ele><time>2023-10-18T00:28:04.000Z</time></trkpt>
<trkpt lat="23.95719" lon="120.99739"><ele>586</ele><time>2023-10-18T00:28:10.000Z</time></trkpt>
<trkpt lat="23.95719" lon="120.99739"><ele>585</ele><time>2023-10-18T00:28:15.000Z</time></trkpt>
<trkpt lat="23.9572" lon="120.99738"><ele>585</ele><time>2023-10-18T00:28:21.000Z</time></trkpt>
<trkpt lat="23.95721" lon="120.99741"><ele>585</ele><time>2023-10-18T00:28:30.000Z</time></trkpt>
<trkpt lat="23.95721" lon="120.9974"><ele>585</ele><time>2023-10-18T00:28:35.000Z</time></trkpt>
<trkpt lat="23.95719" lon="120.99739"><ele>585</ele><time>2023-10-18T00:28:37.000Z</time></trkpt>
<trkpt lat="23.95712" lon="120.9974"><ele>585</ele><time>2023-10-18T00:28:41.000Z</time></trkpt>
<trkpt lat="23.95704" lon="120.99741"><ele>585</ele><time>2023-10-18T00:28:45.000Z</time></trkpt>
<trkpt lat="23.95697" lon="120.99741"><ele>584</ele><time>2023-10-18T00:28:50.000Z</time></trkpt>
<trkpt lat="23.95692" lon="120.99739"><ele>583</ele><time>2023-10-18T00:28:54.000Z</time></trkpt>
<trkpt lat="23.95686" lon="120.99736"><ele>582</ele><time>2023-10-18T00:29:00.000Z</time></trkpt>
<trkpt lat="23.95677" lon="120.99725"><ele>580</ele><time>2023-10-18T00:29:09.000Z</time></trkpt>
<trkpt lat="23.95667" lon="120.99716"><ele>579</ele><time>2023-10-18T00:29:17.000Z</time></trkpt>
<trkpt lat="23.95655" lon="120.99709"><ele>578</ele><time>2023-10-18T00:29:27.000Z</time></trkpt>
<trkpt lat="23.95643" lon="120.99698"><ele>577</ele><time>2023-10-18T00:29:33.000Z</time></trkpt>
<trkpt lat="23.95622" lon="120.99685"><ele>571</ele><time>2023-10-18T00:29:50.000Z</time></trkpt>
<trkpt lat="23.95604" lon="120.9967"><ele>567</ele><time>2023-10-18T00:30:06.000Z</time></trkpt>
<trkpt lat="23.95589" lon="120.9966"><ele>565</ele><time>2023-10-18T00:30:17.000Z</time></trkpt>
<trkpt lat="23.95585" lon="120.99658"><ele>564</ele><time>2023-10-18T00:30:21.000Z</time></trkpt>
<trkpt lat="23.95584" lon="120.99659"><ele>564</ele><time>2023-10-18T00:30:24.000Z</time></trkpt>
<trkpt lat="23.95585" lon="120.9966"><ele>563</ele><time>2023-10-18T00:30:26.000Z</time></trkpt>
<trkpt lat="23.95594" lon="120.99665"><ele>561</ele><time>2023-10-18T00:30:43.000Z</time></trkpt>
<trkpt lat="23.95595" lon="120.99668"><ele>561</ele><time>2023-10-18T00:30:45.000Z</time></trkpt>
<trkpt lat="23.95602" lon="120.99687"><ele>559</ele><time>2023-10-18T00:30:52.000Z</time></trkpt>
<trkpt lat="23.95604" lon="120.99696"><ele>558</ele><time>2023-10-18T00:30:56.000Z</time></trkpt>
<trkpt lat="23.95609" lon="120.99705"><ele>557</ele><time>2023-10-18T00:31:01.000Z</time></trkpt>
<trkpt lat="23.95611" lon="120.99711"><ele>556</ele><time>2023-10-18T00:31:03.000Z</time></trkpt>
<trkpt lat="23.95614" lon="120.99724"><ele>555</ele><time>2023-10-18T00:31:08.000Z</time></trkpt>
<trkpt lat="23.9562" lon="120.99739"><ele>553</ele><time>2023-10-18T00:31:16.000Z</time></trkpt>
<trkpt lat="23.9562" lon="120.99743"><ele>552</ele><time>2023-10-18T00:31:18.000Z</time></trkpt>
<trkpt lat="23.9562" lon="120.99744"><ele>552</ele><time>2023-10-18T00:31:19.000Z</time></trkpt>
<trkpt lat="23.95617" lon="120.99745"><ele>552</ele><time>2023-10-18T00:31:21.000Z</time></trkpt>
<trkpt lat="23.95612" lon="120.99743"><ele>551</ele><time>2023-10-18T00:31:25.000Z</time></trkpt>
<trkpt lat="23.95605" lon="120.99736"><ele>550</ele><time>2023-10-18T00:31:31.000Z</time></trkpt>
<trkpt lat="23.95601" lon="120.99733"><ele>549</ele><time>2023-10-18T00:31:34.000Z</time></trkpt>
<trkpt lat="23.95599" lon="120.99733"><ele>548</ele><time>2023-10-18T00:31:36.000Z</time></trkpt>
<trkpt lat="23.95597" lon="120.99734"><ele>548</ele><time>2023-10-18T00:31:38.000Z</time></trkpt>
<trkpt lat="23.95596" lon="120.99739"><ele>547</ele><time>2023-10-18T00:31:41.000Z</time></trkpt>
<trkpt lat="23.95593" lon="120.99751"><ele>546</ele><time>2023-10-18T00:31:47.000Z</time></trkpt>
<trkpt lat="23.95593" lon="120.99758"><ele>545</ele><time>2023-10-18T00:31:51.000Z</time></trkpt>
<trkpt lat="23.95591" lon="120.99776"><ele>544</ele><time>2023-10-18T00:32:01.000Z</time></trkpt>
<trkpt lat="23.95587" lon="120.99788"><ele>543</ele><time>2023-10-18T00:32:07.000Z</time></trkpt>
<trkpt lat="23.95583" lon="120.99794"><ele>543</ele><time>2023-10-18T00:32:10.000Z</time></trkpt>
<trkpt lat="23.95581" lon="120.99804"><ele>544</ele><time>2023-10-18T00:32:15.000Z</time></trkpt>
<trkpt lat="23.95579" lon="120.99807"><ele>544</ele><time>2023-10-18T00:32:17.000Z</time></trkpt>
<trkpt lat="23.95574" lon="120.99817"><ele>544</ele><time>2023-10-18T00:32:23.000Z</time></trkpt>
<trkpt lat="23.95569" lon="120.99823"><ele>544</ele><time>2023-10-18T00:32:28.000Z</time></trkpt>
<trkpt lat="23.95558" lon="120.99828"><ele>544</ele><time>2023-10-18T00:32:40.000Z</time></trkpt>
<trkpt lat="23.95543" lon="120.99841"><ele>545</ele><time>2023-10-18T00:32:51.000Z</time></trkpt>
<trkpt lat="23.95532" lon="120.99852"><ele>546</ele><time>2023-10-18T00:33:00.000Z</time></trkpt>
<trkpt lat="23.95523" lon="120.9986"><ele>547</ele><time>2023-10-18T00:33:07.000Z</time></trkpt>
<trkpt lat="23.95519" lon="120.99865"><ele>548</ele><time>2023-10-18T00:33:13.000Z</time></trkpt>
<trkpt lat="23.95515" lon="120.99869"><ele>548</ele><time>2023-10-18T00:33:17.000Z</time></trkpt>
<trkpt lat="23.95511" lon="120.99873"><ele>549</ele><time>2023-10-18T00:33:20.000Z</time></trkpt>
<trkpt lat="23.95507" lon="120.99875"><ele>550</ele><time>2023-10-18T00:33:23.000Z</time></trkpt>
<trkpt lat="23.95504" lon="120.99876"><ele>550</ele><time>2023-10-18T00:33:25.000Z</time></trkpt>
<trkpt lat="23.95498" lon="120.99876"><ele>550</ele><time>2023-10-18T00:33:29.000Z</time></trkpt>
<trkpt lat="23.95492" lon="120.99877"><ele>551</ele><time>2023-10-18T00:33:32.000Z</time></trkpt>
<trkpt lat="23.95487" lon="120.99876"><ele>551</ele><time>2023-10-18T00:33:35.000Z</time></trkpt>
<trkpt lat="23.95467" lon="120.99868"><ele>551</ele><time>2023-10-18T00:33:47.000Z</time></trkpt>
<trkpt lat="23.95463" lon="120.99866"><ele>551</ele><time>2023-10-18T00:33:50.000Z</time></trkpt>
<trkpt lat="23.95459" lon="120.99865"><ele>551</ele><time>2023-10-18T00:34:07.000Z</time></trkpt>
<trkpt lat="23.95442" lon="120.99858"><ele>551</ele><time>2023-10-18T00:34:18.000Z</time></trkpt>
<trkpt lat="23.95427" lon="120.99853"><ele>551</ele><time>2023-10-18T00:34:27.000Z</time></trkpt>
<trkpt lat="23.9541" lon="120.99851"><ele>551</ele><time>2023-10-18T00:34:38.000Z</time></trkpt>
<trkpt lat="23.95394" lon="120.99845"><ele>551</ele><time>2023-10-18T00:34:48.000Z</time></trkpt>
<trkpt lat="23.9539" lon="120.99847"><ele>551</ele><time>2023-10-18T00:34:51.000Z</time></trkpt>
<trkpt lat="23.95389" lon="120.99848"><ele>551</ele><time>2023-10-18T00:34:54.000Z</time></trkpt>
<trkpt lat="23.95386" lon="120.99847"><ele>551</ele><time>2023-10-18T00:35:02.000Z</time></trkpt>
<trkpt lat="23.95383" lon="120.99848"><ele>551</ele><time>2023-10-18T00:35:04.000Z</time></trkpt>
<trkpt lat="23.95377" lon="120.99851"><ele>551</ele><time>2023-10-18T00:35:09.000Z</time></trkpt>
<trkpt lat="23.95371" lon="120.99851"><ele>552</ele><time>2023-10-18T00:35:12.000Z</time></trkpt>
<trkpt lat="23.95368" lon="120.9985"><ele>552</ele><time>2023-10-18T00:35:14.000Z</time></trkpt>
<trkpt lat="23.9536" lon="120.99845"><ele>552</ele><time>2023-10-18T00:35:20.000Z</time></trkpt>
<trkpt lat="23.95342" lon="120.99807"><ele>553</ele><time>2023-10-18T00:35:46.000Z</time></trkpt>
<trkpt lat="23.95337" lon="120.99798"><ele>553</ele><time>2023-10-18T00:35:53.000Z</time></trkpt>
<trkpt lat="23.95332" lon="120.99792"><ele>553</ele><time>2023-10-18T00:35:59.000Z</time></trkpt>
<trkpt lat="23.95331" lon="120.99792"><ele>554</ele><time>2023-10-18T00:36:00.000Z</time></trkpt>
<trkpt lat="23.95329" lon="120.99793"><ele>554</ele><time>2023-10-18T00:36:04.000Z</time></trkpt>
<trkpt lat="23.95326" lon="120.99793"><ele>554</ele><time>2023-10-18T00:36:09.000Z</time></trkpt>
<trkpt lat="23.95327" lon="120.99795"><ele>555</ele><time>2023-10-18T00:36:18.000Z</time></trkpt>
<trkpt lat="23.95326" lon="120.99796"><ele>555</ele><time>2023-10-18T00:36:19.000Z</time></trkpt>
<trkpt lat="23.9532" lon="120.99798"><ele>555</ele><time>2023-10-18T00:36:24.000Z</time></trkpt>
<trkpt lat="23.95316" lon="120.99798"><ele>556</ele><time>2023-10-18T00:36:27.000Z</time></trkpt>
<trkpt lat="23.95305" lon="120.998"><ele>557</ele><time>2023-10-18T00:36:36.000Z</time></trkpt>
<trkpt lat="23.95298" lon="120.99807"><ele>558</ele><time>2023-10-18T00:36:42.000Z</time></trkpt>
<trkpt lat="23.95285" lon="120.99812"><ele>560</ele><time>2023-10-18T00:36:55.000Z</time></trkpt>
<trkpt lat="23.95275" lon="120.99819"><ele>562</ele><time>2023-10-18T00:37:04.000Z</time></trkpt>
<trkpt lat="23.95255" lon="120.99824"><ele>566</ele><time>2023-10-18T00:37:20.000Z</time></trkpt>
<trkpt lat="23.95249" lon="120.99827"><ele>567</ele><time>2023-10-18T00:37:25.000Z</time></trkpt>
<trkpt lat="23.95244" lon="120.9983"><ele>568</ele><time>2023-10-18T00:37:30.000Z</time></trkpt>
<trkpt lat="23.95229" lon="120.99846"><ele>573</ele><time>2023-10-18T00:37:51.000Z</time></trkpt>
<trkpt lat="23.95227" lon="120.99846"><ele>573</ele><time>2023-10-18T00:37:53.000Z</time></trkpt>
<trkpt lat="23.95225" lon="120.99846"><ele>573</ele><time>2023-10-18T00:37:55.000Z</time></trkpt>
<trkpt lat="23.95224" lon="120.99845"><ele>574</ele><time>2023-10-18T00:38:00.000Z</time></trkpt>
<trkpt lat="23.95223" lon="120.99842"><ele>575</ele><time>2023-10-18T00:38:07.000Z</time></trkpt>
<trkpt lat="23.95222" lon="120.99843"><ele>575</ele><time>2023-10-18T00:38:10.000Z</time></trkpt>
<trkpt lat="23.9522" lon="120.99841"><ele>575</ele><time>2023-10-18T00:38:13.000Z</time></trkpt>
<trkpt lat="23.95216" lon="120.99829"><ele>576</ele><time>2023-10-18T00:38:22.000Z</time></trkpt>
<trkpt lat="23.95216" lon="120.99826"><ele>577</ele><time>2023-10-18T00:38:24.000Z</time></trkpt>
<trkpt lat="23.95217" lon="120.99817"><ele>578</ele><time>2023-10-18T00:38:30.000Z</time></trkpt>
<trkpt lat="23.9522" lon="120.99808"><ele>579</ele><time>2023-10-18T00:38:37.000Z</time></trkpt>
<trkpt lat="23.95225" lon="120.99798"><ele>580</ele><time>2023-10-18T00:38:44.000Z</time></trkpt>
<trkpt lat="23.95228" lon="120.99795"><ele>580</ele><time>2023-10-18T00:38:47.000Z</time></trkpt>
<trkpt lat="23.95233" lon="120.99794"><ele>580</ele><time>2023-10-18T00:38:51.000Z</time></trkpt>
<trkpt lat="23.95244" lon="120.99792"><ele>581</ele><time>2023-10-18T00:38:58.000Z</time></trkpt>
<trkpt lat="23.9525" lon="120.9979"><ele>582</ele><time>2023-10-18T00:39:03.000Z</time></trkpt>
<trkpt lat="23.95253" lon="120.99788"><ele>583</ele><time>2023-10-18T00:39:06.000Z</time></trkpt>
<trkpt lat="23.95249" lon="120.99788"><ele>583</ele><time>2023-10-18T00:39:11.000Z</time></trkpt>
<trkpt lat="23.95249" lon="120.99787"><ele>585</ele><time>2023-10-18T00:39:18.000Z</time></trkpt>
<trkpt lat="23.95251" lon="120.99785"><ele>585</ele><time>2023-10-18T00:39:21.000Z</time></trkpt>
<trkpt lat="23.95237" lon="120.99788"><ele>586</ele><time>2023-10-18T00:39:31.000Z</time></trkpt>
<trkpt lat="23.95226" lon="120.99782"><ele>587</ele><time>2023-10-18T00:39:41.000Z</time></trkpt>
<trkpt lat="23.95213" lon="120.99777"><ele>589</ele><time>2023-10-18T00:39:54.000Z</time></trkpt>
<trkpt lat="23.95207" lon="120.99777"><ele>590</ele><time>2023-10-18T00:39:59.000Z</time></trkpt>
<trkpt lat="23.95204" lon="120.99778"><ele>591</ele><time>2023-10-18T00:40:02.000Z</time></trkpt>
<trkpt lat="23.95199" lon="120.99777"><ele>591</ele><time>2023-10-18T00:40:07.000Z</time></trkpt>
<trkpt lat="23.95194" lon="120.99779"><ele>592</ele><time>2023-10-18T00:40:12.000Z</time></trkpt>
<trkpt lat="23.9519" lon="120.99786"><ele>593</ele><time>2023-10-18T00:40:20.000Z</time></trkpt>
<trkpt lat="23.9519" lon="120.99786"><ele>593</ele><time>2023-10-18T00:40:22.000Z</time></trkpt>
<trkpt lat="23.95192" lon="120.99788"><ele>593</ele><time>2023-10-18T00:40:28.000Z</time></trkpt>
<trkpt lat="23.95192" lon="120.9979"><ele>593</ele><time>2023-10-18T00:40:30.000Z</time></trkpt>
<trkpt lat="23.95189" lon="120.998"><ele>594</ele><time>2023-10-18T00:40:36.000Z</time></trkpt>
<trkpt lat="23.95188" lon="120.99801"><ele>595</ele><time>2023-10-18T00:40:38.000Z</time></trkpt>
<trkpt lat="23.95184" lon="120.99799"><ele>595</ele><time>2023-10-18T00:40:41.000Z</time></trkpt>
<trkpt lat="23.95183" lon="120.99796"><ele>595</ele><time>2023-10-18T00:40:44.000Z</time></trkpt>
<trkpt lat="23.95181" lon="120.99798"><ele>596</ele><time>2023-10-18T00:40:46.000Z</time></trkpt>
<trkpt lat="23.9518" lon="120.99797"><ele>596</ele><time>2023-10-18T00:40:48.000Z</time></trkpt>
<trkpt lat="23.95178" lon="120.99794"><ele>596</ele><time>2023-10-18T00:40:51.000Z</time></trkpt>
<trkpt lat="23.95177" lon="120.99782"><ele>597</ele><time>2023-10-18T00:40:58.000Z</time></trkpt>
<trkpt lat="23.95177" lon="120.99778"><ele>598</ele><time>2023-10-18T00:41:03.000Z</time></trkpt>
<trkpt lat="23.95177" lon="120.99774"><ele>598</ele><time>2023-10-18T00:41:07.000Z</time></trkpt>
<trkpt lat="23.95179" lon="120.99765"><ele>599</ele><time>2023-10-18T00:41:12.000Z</time></trkpt>
<trkpt lat="23.95184" lon="120.99756"><ele>600</ele><time>2023-10-18T00:41:21.000Z</time></trkpt>
<trkpt lat="23.95193" lon="120.99754"><ele>600</ele><time>2023-10-18T00:41:31.000Z</time></trkpt>
<trkpt lat="23.95199" lon="120.99753"><ele>600</ele><time>2023-10-18T00:41:35.000Z</time></trkpt>
<trkpt lat="23.95215" lon="120.99755"><ele>602</ele><time>2023-10-18T00:41:47.000Z</time></trkpt>
<trkpt lat="23.9522" lon="120.99755"><ele>603</ele><time>2023-10-18T00:41:52.000Z</time></trkpt>
<trkpt lat="23.9523" lon="120.99755"><ele>604</ele><time>2023-10-18T00:42:00.000Z</time></trkpt>
<trkpt lat="23.95238" lon="120.99752"><ele>606</ele><time>2023-10-18T00:42:08.000Z</time></trkpt>
<trkpt lat="23.95242" lon="120.99749"><ele>607</ele><time>2023-10-18T00:42:16.000Z</time></trkpt>
<trkpt lat="23.95251" lon="120.99742"><ele>607</ele><time>2023-10-18T00:42:23.000Z</time></trkpt>
<trkpt lat="23.95255" lon="120.99738"><ele>608</ele><time>2023-10-18T00:42:29.000Z</time></trkpt>
<trkpt lat="23.95259" lon="120.99731"><ele>610</ele><time>2023-10-18T00:42:37.000Z</time></trkpt>
<trkpt lat="23.9526" lon="120.99729"><ele>610</ele><time>2023-10-18T00:42:39.000Z</time></trkpt>
<trkpt lat="23.95261" lon="120.99728"><ele>611</ele><time>2023-10-18T00:42:42.000Z</time></trkpt>
<trkpt lat="23.95262" lon="120.99728"><ele>611</ele><time>2023-10-18T00:42:47.000Z</time></trkpt>
<trkpt lat="23.95261" lon="120.99728"><ele>611</ele><time>2023-10-18T00:42:50.000Z</time></trkpt>
<trkpt lat="23.95255" lon="120.99735"><ele>613</ele><time>2023-10-18T00:42:58.000Z</time></trkpt>
<trkpt lat="23.95248" lon="120.99738"><ele>614</ele><time>2023-10-18T00:43:11.000Z</time></trkpt>
<trkpt lat="23.95247" lon="120.99737"><ele>614</ele><time>2023-10-18T00:43:13.000Z</time></trkpt>
<trkpt lat="23.95246" lon="120.99737"><ele>614</ele><time>2023-10-18T00:43:15.000Z</time></trkpt>
<trkpt lat="23.95231" lon="120.99738"><ele>616</ele><time>2023-10-18T00:43:31.000Z</time></trkpt>
<trkpt lat="23.95215" lon="120.99735"><ele>618</ele><time>2023-10-18T00:43:44.000Z</time></trkpt>
<trkpt lat="23.95203" lon="120.99729"><ele>620</ele><time>2023-10-18T00:43:59.000Z</time></trkpt>
<trkpt lat="23.95196" lon="120.99729"><ele>621</ele><time>2023-10-18T00:44:06.000Z</time></trkpt>
<trkpt lat="23.95189" lon="120.99726"><ele>621</ele><time>2023-10-18T00:44:10.000Z</time></trkpt>
<trkpt lat="23.95181" lon="120.99719"><ele>622</ele><time>2023-10-18T00:44:21.000Z</time></trkpt>
<trkpt lat="23.9518" lon="120.99719"><ele>622</ele><time>2023-10-18T00:44:52.000Z</time></trkpt>
<trkpt lat="23.95176" lon="120.99723"><ele>622</ele><time>2023-10-18T00:44:57.000Z</time></trkpt>
<trkpt lat="23.95173" lon="120.99724"><ele>623</ele><time>2023-10-18T00:45:19.000Z</time></trkpt>
<trkpt lat="23.95162" lon="120.9973"><ele>625</ele><time>2023-10-18T00:45:28.000Z</time></trkpt>
<trkpt lat="23.95162" lon="120.99731"><ele>625</ele><time>2023-10-18T00:45:29.000Z</time></trkpt>
<trkpt lat="23.95161" lon="120.99731"><ele>625</ele><time>2023-10-18T00:45:30.000Z</time></trkpt>
<trkpt lat="23.95157" lon="120.99731"><ele>626</ele><time>2023-10-18T00:45:34.000Z</time></trkpt>
<trkpt lat="23.95149" lon="120.99732"><ele>627</ele><time>2023-10-18T00:45:41.000Z</time></trkpt>
<trkpt lat="23.95132" lon="120.99731"><ele>630</ele><time>2023-10-18T00:45:55.000Z</time></trkpt>
<trkpt lat="23.95128" lon="120.9973"><ele>631</ele><time>2023-10-18T00:45:59.000Z</time></trkpt>
<trkpt lat="23.95126" lon="120.99729"><ele>632</ele><time>2023-10-18T00:46:05.000Z</time></trkpt>
<trkpt lat="23.95119" lon="120.9973"><ele>633</ele><time>2023-10-18T00:46:14.000Z</time></trkpt>
<trkpt lat="23.95117" lon="120.99732"><ele>633</ele><time>2023-10-18T00:46:18.000Z</time></trkpt>
<trkpt lat="23.95119" lon="120.99742"><ele>635</ele><time>2023-10-18T00:46:34.000Z</time></trkpt>
<trkpt lat="23.95119" lon="120.99749"><ele>635</ele><time>2023-10-18T00:46:39.000Z</time></trkpt>
<trkpt lat="23.95118" lon="120.99755"><ele>636</ele><time>2023-10-18T00:46:43.000Z</time></trkpt>
<trkpt lat="23.95118" lon="120.99763"><ele>637</ele><time>2023-10-18T00:46:49.000Z</time></trkpt>
<trkpt lat="23.95119" lon="120.99769"><ele>638</ele><time>2023-10-18T00:46:55.000Z</time></trkpt>
<trkpt lat="23.95118" lon="120.99777"><ele>639</ele><time>2023-10-18T00:47:01.000Z</time></trkpt>
<trkpt lat="23.95115" lon="120.99778"><ele>640</ele><time>2023-10-18T00:47:04.000Z</time></trkpt>
<trkpt lat="23.95114" lon="120.99776"><ele>640</ele><time>2023-10-18T00:47:06.000Z</time></trkpt>
<trkpt lat="23.9511" lon="120.99764"><ele>642</ele><time>2023-10-18T00:47:26.000Z</time></trkpt>
<trkpt lat="23.95102" lon="120.99752"><ele>644</ele><time>2023-10-18T00:47:38.000Z</time></trkpt>
<trkpt lat="23.95093" lon="120.99724"><ele>649</ele><time>2023-10-18T00:48:01.000Z</time></trkpt>
<trkpt lat="23.95093" lon="120.99721"><ele>650</ele><time>2023-10-18T00:48:07.000Z</time></trkpt>
<trkpt lat="23.95092" lon="120.99719"><ele>651</ele><time>2023-10-18T00:48:11.000Z</time></trkpt>
<trkpt lat="23.95091" lon="120.99715"><ele>651</ele><time>2023-10-18T00:48:13.000Z</time></trkpt>
<trkpt lat="23.95093" lon="120.99711"><ele>652</ele><time>2023-10-18T00:48:17.000Z</time></trkpt>
<trkpt lat="23.95095" lon="120.99708"><ele>652</ele><time>2023-10-18T00:48:20.000Z</time></trkpt>
<trkpt lat="23.95096" lon="120.99706"><ele>653</ele><time>2023-10-18T00:48:23.000Z</time></trkpt>
<trkpt lat="23.95095" lon="120.99706"><ele>653</ele><time>2023-10-18T00:48:24.000Z</time></trkpt>
<trkpt lat="23.95093" lon="120.99706"><ele>653</ele><time>2023-10-18T00:48:26.000Z</time></trkpt>
<trkpt lat="23.9509" lon="120.99709"><ele>654</ele><time>2023-10-18T00:48:30.000Z</time></trkpt>
<trkpt lat="23.9509" lon="120.99716"><ele>656</ele><time>2023-10-18T00:48:47.000Z</time></trkpt>
<trkpt lat="23.95091" lon="120.99722"><ele>658</ele><time>2023-10-18T00:48:53.000Z</time></trkpt>
<trkpt lat="23.95089" lon="120.99731"><ele>659</ele><time>2023-10-18T00:49:02.000Z</time></trkpt>
<trkpt lat="23.95087" lon="120.99738"><ele>660</ele><time>2023-10-18T00:49:09.000Z</time></trkpt>
<trkpt lat="23.95086" lon="120.99742"><ele>661</ele><time>2023-10-18T00:49:14.000Z</time></trkpt>
<trkpt lat="23.95084" lon="120.99748"><ele>662</ele><time>2023-10-18T00:49:20.000Z</time></trkpt>
<trkpt lat="23.95084" lon="120.99754"><ele>663</ele><time>2023-10-18T00:49:24.000Z</time></trkpt>
<trkpt lat="23.95083" lon="120.99755"><ele>663</ele><time>2023-10-18T00:49:25.000Z</time></trkpt>
<trkpt lat="23.95082" lon="120.99755"><ele>663</ele><time>2023-10-18T00:49:26.000Z</time></trkpt>
<trkpt lat="23.9508" lon="120.99749"><ele>665</ele><time>2023-10-18T00:49:33.000Z</time></trkpt>
<trkpt lat="23.95079" lon="120.99749"><ele>665</ele><time>2023-10-18T00:49:37.000Z</time></trkpt>
<trkpt lat="23.95079" lon="120.9975"><ele>665</ele><time>2023-10-18T00:49:39.000Z</time></trkpt>
<trkpt lat="23.95078" lon="120.99749"><ele>665</ele><time>2023-10-18T00:49:41.000Z</time></trkpt>
<trkpt lat="23.95077" lon="120.99734"><ele>667</ele><time>2023-10-18T00:49:54.000Z</time></trkpt>
<trkpt lat="23.95072" lon="120.99726"><ele>669</ele><time>2023-10-18T00:50:05.000Z</time></trkpt>
<trkpt lat="23.95072" lon="120.99722"><ele>671</ele><time>2023-10-18T00:50:11.000Z</time></trkpt>
<trkpt lat="23.95068" lon="120.9971"><ele>673</ele><time>2023-10-18T00:50:24.000Z</time></trkpt>
<trkpt lat="23.95066" lon="120.99709"><ele>674</ele><time>2023-10-18T00:50:58.000Z</time></trkpt>
<trkpt lat="23.95065" lon="120.99705"><ele>674</ele><time>2023-10-18T00:51:01.000Z</time></trkpt>
<trkpt lat="23.95065" lon="120.99703"><ele>674</ele><time>2023-10-18T00:51:02.000Z</time></trkpt>
<trkpt lat="23.95067" lon="120.99701"><ele>674</ele><time>2023-10-18T00:51:05.000Z</time></trkpt>
<trkpt lat="23.95072" lon="120.99692"><ele>675</ele><time>2023-10-18T00:51:12.000Z</time></trkpt>
<trkpt lat="23.95074" lon="120.99684"><ele>677</ele><time>2023-10-18T00:51:20.000Z</time></trkpt>
<trkpt lat="23.95077" lon="120.99678"><ele>678</ele><time>2023-10-18T00:51:24.000Z</time></trkpt>
<trkpt lat="23.95077" lon="120.99677"><ele>678</ele><time>2023-10-18T00:51:26.000Z</time></trkpt>
<trkpt lat="23.95075" lon="120.99677"><ele>679</ele><time>2023-10-18T00:51:29.000Z</time></trkpt>
<trkpt lat="23.95076" lon="120.9968"><ele>680</ele><time>2023-10-18T00:51:35.000Z</time></trkpt>
<trkpt lat="23.95075" lon="120.99682"><ele>680</ele><time>2023-10-18T00:51:36.000Z</time></trkpt>
<trkpt lat="23.9507" lon="120.99689"><ele>681</ele><time>2023-10-18T00:51:44.000Z</time></trkpt>
<trkpt lat="23.95063" lon="120.99697"><ele>683</ele><time>2023-10-18T00:51:52.000Z</time></trkpt>
<trkpt lat="23.9506" lon="120.99703"><ele>684</ele><time>2023-10-18T00:51:59.000Z</time></trkpt>
<trkpt lat="23.95059" lon="120.99713"><ele>685</ele><time>2023-10-18T00:52:07.000Z</time></trkpt>
<trkpt lat="23.95059" lon="120.99712"><ele>685</ele><time>2023-10-18T00:52:11.000Z</time></trkpt>
<trkpt lat="23.95058" lon="120.99729"><ele>687</ele><time>2023-10-18T00:52:27.000Z</time></trkpt>
<trkpt lat="23.95057" lon="120.99734"><ele>689</ele><time>2023-10-18T00:52:34.000Z</time></trkpt>
<trkpt lat="23.95057" lon="120.99736"><ele>689</ele><time>2023-10-18T00:52:36.000Z</time></trkpt>
<trkpt lat="23.95057" lon="120.99741"><ele>690</ele><time>2023-10-18T00:52:40.000Z</time></trkpt>
<trkpt lat="23.95057" lon="120.99751"><ele>691</ele><time>2023-10-18T00:52:49.000Z</time></trkpt>
<trkpt lat="23.95057" lon="120.99753"><ele>692</ele><time>2023-10-18T00:52:52.000Z</time></trkpt>
<trkpt lat="23.95054" lon="120.99756"><ele>693</ele><time>2023-10-18T00:52:57.000Z</time></trkpt>
<trkpt lat="23.95053" lon="120.99764"><ele>695</ele><time>2023-10-18T00:53:04.000Z</time></trkpt>
<trkpt lat="23.95053" lon="120.99767"><ele>696</ele><time>2023-10-18T00:53:08.000Z</time></trkpt>
<trkpt lat="23.95054" lon="120.99775"><ele>698</ele><time>2023-10-18T00:53:17.000Z</time></trkpt>
<trkpt lat="23.95053" lon="120.99785"><ele>700</ele><time>2023-10-18T00:53:27.000Z</time></trkpt>
<trkpt lat="23.95054" lon="120.99793"><ele>702</ele><time>2023-10-18T00:53:37.000Z</time></trkpt>
<trkpt lat="23.95053" lon="120.99803"><ele>704</ele><time>2023-10-18T00:53:46.000Z</time></trkpt>
<trkpt lat="23.95055" lon="120.99817"><ele>706</ele><time>2023-10-18T00:53:59.000Z</time></trkpt>
<trkpt lat="23.95054" lon="120.99819"><ele>706</ele><time>2023-10-18T00:54:01.000Z</time></trkpt>
<trkpt lat="23.95052" lon="120.99824"><ele>707</ele><time>2023-10-18T00:54:06.000Z</time></trkpt>
<trkpt lat="23.95051" lon="120.99825"><ele>707</ele><time>2023-10-18T00:54:07.000Z</time></trkpt>
<trkpt lat="23.95049" lon="120.99826"><ele>708</ele><time>2023-10-18T00:54:11.000Z</time></trkpt>
<trkpt lat="23.95049" lon="120.99828"><ele>708</ele><time>2023-10-18T00:54:17.000Z</time></trkpt>
<trkpt lat="23.95048" lon="120.99829"><ele>708</ele><time>2023-10-18T00:54:19.000Z</time></trkpt>
<trkpt lat="23.95042" lon="120.99831"><ele>709</ele><time>2023-10-18T00:54:25.000Z</time></trkpt>
<trkpt lat="23.95021" lon="120.99835"><ele>713</ele><time>2023-10-18T00:54:43.000Z</time></trkpt>
<trkpt lat="23.95013" lon="120.99833"><ele>714</ele><time>2023-10-18T00:54:52.000Z</time></trkpt>
<trkpt lat="23.95004" lon="120.9983"><ele>717</ele><time>2023-10-18T00:55:02.000Z</time></trkpt>
<trkpt lat="23.95" lon="120.9983"><ele>718</ele><time>2023-10-18T00:55:07.000Z</time></trkpt>
<trkpt lat="23.94992" lon="120.99833"><ele>720</ele><time>2023-10-18T00:55:17.000Z</time></trkpt>
<trkpt lat="23.94986" lon="120.99837"><ele>723</ele><time>2023-10-18T00:55:27.000Z</time></trkpt>
<trkpt lat="23.94978" lon="120.99837"><ele>725</ele><time>2023-10-18T00:55:36.000Z</time></trkpt>
<trkpt lat="23.94976" lon="120.99836"><ele>725</ele><time>2023-10-18T00:55:38.000Z</time></trkpt>
<trkpt lat="23.94976" lon="120.99835"><ele>726</ele><time>2023-10-18T00:55:40.000Z</time></trkpt>
<trkpt lat="23.94978" lon="120.99832"><ele>726</ele><time>2023-10-18T00:55:43.000Z</time></trkpt>
<trkpt lat="23.94983" lon="120.99827"><ele>728</ele><time>2023-10-18T00:55:59.000Z</time></trkpt>
<trkpt lat="23.94984" lon="120.99824"><ele>728</ele><time>2023-10-18T00:56:04.000Z</time></trkpt>
<trkpt lat="23.94985" lon="120.99822"><ele>729</ele><time>2023-10-18T00:56:06.000Z</time></trkpt>
<trkpt lat="23.94984" lon="120.99822"><ele>729</ele><time>2023-10-18T00:56:07.000Z</time></trkpt>
<trkpt lat="23.94984" lon="120.99821"><ele>729</ele><time>2023-10-18T00:56:08.000Z</time></trkpt>
<trkpt lat="23.94989" lon="120.99802"><ele>733</ele><time>2023-10-18T00:56:28.000Z</time></trkpt>
<trkpt lat="23.94993" lon="120.99797"><ele>735</ele><time>2023-10-18T00:56:35.000Z</time></trkpt>
<trkpt lat="23.94998" lon="120.99793"><ele>737</ele><time>2023-10-18T00:56:46.000Z</time></trkpt>
<trkpt lat="23.95003" lon="120.99782"><ele>740</ele><time>2023-10-18T00:56:59.000Z</time></trkpt>
<trkpt lat="23.95004" lon="120.99777"><ele>741</ele><time>2023-10-18T00:57:04.000Z</time></trkpt>
<trkpt lat="23.95003" lon="120.99769"><ele>741</ele><time>2023-10-18T00:57:11.000Z</time></trkpt>
<trkpt lat="23.95" lon="120.99762"><ele>743</ele><time>2023-10-18T00:57:22.000Z</time></trkpt>
<trkpt lat="23.94998" lon="120.9974"><ele>748</ele><time>2023-10-18T00:57:46.000Z</time></trkpt>
<trkpt lat="23.94997" lon="120.99738"><ele>748</ele><time>2023-10-18T00:57:48.000Z</time></trkpt>
<trkpt lat="23.94993" lon="120.99735"><ele>750</ele><time>2023-10-18T00:57:57.000Z</time></trkpt>
<trkpt lat="23.94993" lon="120.99733"><ele>751</ele><time>2023-10-18T00:58:01.000Z</time></trkpt>
<trkpt lat="23.94992" lon="120.99732"><ele>751</ele><time>2023-10-18T00:58:03.000Z</time></trkpt>
<trkpt lat="23.94992" lon="120.99732"><ele>749</ele><time>2023-10-18T00:59:23.000Z</time></trkpt>
<trkpt lat="23.94994" lon="120.99738"><ele>750</ele><time>2023-10-18T01:00:20.000Z</time></trkpt>
<trkpt lat="23.94995" lon="120.99742"><ele>751</ele><time>2023-10-18T01:00:24.000Z</time></trkpt>
<trkpt lat="23.94993" lon="120.99749"><ele>753</ele><time>2023-10-18T01:00:31.000Z</time></trkpt>
<trkpt lat="23.94992" lon="120.99749"><ele>753</ele><time>2023-10-18T01:00:38.000Z</time></trkpt>
<trkpt lat="23.94987" lon="120.99754"><ele>754</ele><time>2023-10-18T01:00:45.000Z</time></trkpt>
<trkpt lat="23.94985" lon="120.99755"><ele>755</ele><time>2023-10-18T01:00:47.000Z</time></trkpt>
<trkpt lat="23.94979" lon="120.99757"><ele>756</ele><time>2023-10-18T01:00:53.000Z</time></trkpt>
<trkpt lat="23.94977" lon="120.99757"><ele>757</ele><time>2023-10-18T01:00:55.000Z</time></trkpt>
<trkpt lat="23.94972" lon="120.99758"><ele>758</ele><time>2023-10-18T01:01:00.000Z</time></trkpt>
<trkpt lat="23.94964" lon="120.99764"><ele>759</ele><time>2023-10-18T01:01:08.000Z</time></trkpt>
<trkpt lat="23.94961" lon="120.99768"><ele>760</ele><time>2023-10-18T01:01:12.000Z</time></trkpt>
<trkpt lat="23.94946" lon="120.99783"><ele>765</ele><time>2023-10-18T01:01:34.000Z</time></trkpt>
<trkpt lat="23.94944" lon="120.99783"><ele>765</ele><time>2023-10-18T01:01:38.000Z</time></trkpt>
<trkpt lat="23.94943" lon="120.99781"><ele>765</ele><time>2023-10-18T01:01:40.000Z</time></trkpt>
<trkpt lat="23.94945" lon="120.99771"><ele>767</ele><time>2023-10-18T01:01:49.000Z</time></trkpt>
<trkpt lat="23.94947" lon="120.99769"><ele>768</ele><time>2023-10-18T01:01:56.000Z</time></trkpt>
<trkpt lat="23.94947" lon="120.99757"><ele>770</ele><time>2023-10-18T01:02:08.000Z</time></trkpt>
<trkpt lat="23.94948" lon="120.9974"><ele>774</ele><time>2023-10-18T01:02:25.000Z</time></trkpt>
<trkpt lat="23.9495" lon="120.99737"><ele>775</ele><time>2023-10-18T01:02:29.000Z</time></trkpt>
<trkpt lat="23.94954" lon="120.99734"><ele>776</ele><time>2023-10-18T01:02:33.000Z</time></trkpt>
<trkpt lat="23.94954" lon="120.9973"><ele>777</ele><time>2023-10-18T01:02:46.000Z</time></trkpt>
<trkpt lat="23.94958" lon="120.99727"><ele>776</ele><time>2023-10-18T01:02:50.000Z</time></trkpt>
<trkpt lat="23.94961" lon="120.99726"><ele>775</ele><time>2023-10-18T01:03:12.000Z</time></trkpt>
<trkpt lat="23.94965" lon="120.99717"><ele>775</ele><time>2023-10-18T01:03:17.000Z</time></trkpt>
<trkpt lat="23.94968" lon="120.99704"><ele>773</ele><time>2023-10-18T01:03:23.000Z</time></trkpt>
<trkpt lat="23.94968" lon="120.99693"><ele>772</ele><time>2023-10-18T01:03:28.000Z</time></trkpt>
<trkpt lat="23.94972" lon="120.99673"><ele>767</ele><time>2023-10-18T01:03:39.000Z</time></trkpt>
<trkpt lat="23.94974" lon="120.99668"><ele>766</ele><time>2023-10-18T01:03:42.000Z</time></trkpt>
<trkpt lat="23.94974" lon="120.99666"><ele>766</ele><time>2023-10-18T01:03:43.000Z</time></trkpt>
<trkpt lat="23.94974" lon="120.99666"><ele>764</ele><time>2023-10-18T01:03:48.000Z</time></trkpt>
<trkpt lat="23.94976" lon="120.99657"><ele>764</ele><time>2023-10-18T01:03:54.000Z</time></trkpt>
<trkpt lat="23.94983" lon="120.99646"><ele>762</ele><time>2023-10-18T01:04:01.000Z</time></trkpt>
<trkpt lat="23.94992" lon="120.99633"><ele>760</ele><time>2023-10-18T01:04:10.000Z</time></trkpt>
<trkpt lat="23.95" lon="120.99618"><ele>758</ele><time>2023-10-18T01:04:19.000Z</time></trkpt>
<trkpt lat="23.95006" lon="120.99611"><ele>757</ele><time>2023-10-18T01:04:24.000Z</time></trkpt>
<trkpt lat="23.95019" lon="120.99598"><ele>755</ele><time>2023-10-18T01:04:34.000Z</time></trkpt>
<trkpt lat="23.95028" lon="120.99592"><ele>755</ele><time>2023-10-18T01:04:40.000Z</time></trkpt>
<trkpt lat="23.95033" lon="120.9959"><ele>754</ele><time>2023-10-18T01:04:43.000Z</time></trkpt>
<trkpt lat="23.95035" lon="120.9959"><ele>754</ele><time>2023-10-18T01:04:54.000Z</time></trkpt>
<trkpt lat="23.95036" lon="120.99588"><ele>754</ele><time>2023-10-18T01:04:59.000Z</time></trkpt>
<trkpt lat="23.95039" lon="120.99586"><ele>754</ele><time>2023-10-18T01:05:03.000Z</time></trkpt>
<trkpt lat="23.95039" lon="120.99586"><ele>753</ele><time>2023-10-18T01:05:04.000Z</time></trkpt>
<trkpt lat="23.95047" lon="120.99583"><ele>753</ele><time>2023-10-18T01:05:15.000Z</time></trkpt>
<trkpt lat="23.95072" lon="120.99583"><ele>752</ele><time>2023-10-18T01:05:29.000Z</time></trkpt>
<trkpt lat="23.95082" lon="120.9958"><ele>751</ele><time>2023-10-18T01:05:35.000Z</time></trkpt>
<trkpt lat="23.9509" lon="120.99576"><ele>751</ele><time>2023-10-18T01:05:40.000Z</time></trkpt>
<trkpt lat="23.95102" lon="120.99565"><ele>750</ele><time>2023-10-18T01:05:48.000Z</time></trkpt>
<trkpt lat="23.95105" lon="120.99564"><ele>749</ele><time>2023-10-18T01:05:56.000Z</time></trkpt>
<trkpt lat="23.95109" lon="120.99556"><ele>749</ele><time>2023-10-18T01:06:01.000Z</time></trkpt>
<trkpt lat="23.95118" lon="120.99546"><ele>749</ele><time>2023-10-18T01:06:09.000Z</time></trkpt>
<trkpt lat="23.95132" lon="120.99528"><ele>748</ele><time>2023-10-18T01:06:22.000Z</time></trkpt>
<trkpt lat="23.95136" lon="120.99525"><ele>747</ele><time>2023-10-18T01:06:25.000Z</time></trkpt>
<trkpt lat="23.9514" lon="120.99524"><ele>747</ele><time>2023-10-18T01:06:27.000Z</time></trkpt>
<trkpt lat="23.95147" lon="120.99523"><ele>746</ele><time>2023-10-18T01:06:31.000Z</time></trkpt>
<trkpt lat="23.95173" lon="120.99524"><ele>746</ele><time>2023-10-18T01:06:46.000Z</time></trkpt>
<trkpt lat="23.95182" lon="120.99525"><ele>745</ele><time>2023-10-18T01:06:49.000Z</time></trkpt>
<trkpt lat="23.95203" lon="120.9953"><ele>744</ele><time>2023-10-18T01:06:56.000Z</time></trkpt>
<trkpt lat="23.95208" lon="120.99529"><ele>744</ele><time>2023-10-18T01:06:58.000Z</time></trkpt>
<trkpt lat="23.95215" lon="120.99525"><ele>743</ele><time>2023-10-18T01:07:01.000Z</time></trkpt>
<trkpt lat="23.95219" lon="120.99522"><ele>743</ele><time>2023-10-18T01:07:03.000Z</time></trkpt>
<trkpt lat="23.9523" lon="120.99511"><ele>742</ele><time>2023-10-18T01:07:09.000Z</time></trkpt>
<trkpt lat="23.95234" lon="120.99506"><ele>742</ele><time>2023-10-18T01:07:13.000Z</time></trkpt>
<trkpt lat="23.95238" lon="120.99498"><ele>741</ele><time>2023-10-18T01:07:17.000Z</time></trkpt>
<trkpt lat="23.95242" lon="120.99496"><ele>741</ele><time>2023-10-18T01:07:19.000Z</time></trkpt>
<trkpt lat="23.9525" lon="120.99493"><ele>741</ele><time>2023-10-18T01:07:22.000Z</time></trkpt>
<trkpt lat="23.95267" lon="120.99484"><ele>739</ele><time>2023-10-18T01:07:29.000Z</time></trkpt>
<trkpt lat="23.95273" lon="120.99479"><ele>738</ele><time>2023-10-18T01:07:32.000Z</time></trkpt>
<trkpt lat="23.95279" lon="120.99472"><ele>736</ele><time>2023-10-18T01:07:35.000Z</time></trkpt>
<trkpt lat="23.95292" lon="120.99456"><ele>734</ele><time>2023-10-18T01:07:43.000Z</time></trkpt>
<trkpt lat="23.95295" lon="120.99451"><ele>734</ele><time>2023-10-18T01:07:45.000Z</time></trkpt>
<trkpt lat="23.95296" lon="120.99448"><ele>734</ele><time>2023-10-18T01:07:46.000Z</time></trkpt>
<trkpt lat="23.95301" lon="120.99434"><ele>732</ele><time>2023-10-18T01:07:52.000Z</time></trkpt>
<trkpt lat="23.95305" lon="120.99429"><ele>731</ele><time>2023-10-18T01:07:54.000Z</time></trkpt>
<trkpt lat="23.95312" lon="120.99423"><ele>730</ele><time>2023-10-18T01:07:57.000Z</time></trkpt>
<trkpt lat="23.95341" lon="120.99411"><ele>729</ele><time>2023-10-18T01:08:09.000Z</time></trkpt>
<trkpt lat="23.95358" lon="120.99402"><ele>731</ele><time>2023-10-18T01:08:18.000Z</time></trkpt>
<trkpt lat="23.95372" lon="120.99393"><ele>733</ele><time>2023-10-18T01:08:26.000Z</time></trkpt>
<trkpt lat="23.95376" lon="120.99389"><ele>734</ele><time>2023-10-18T01:08:29.000Z</time></trkpt>
<trkpt lat="23.95392" lon="120.99376"><ele>738</ele><time>2023-10-18T01:08:41.000Z</time></trkpt>
<trkpt lat="23.95395" lon="120.9937"><ele>739</ele><time>2023-10-18T01:08:47.000Z</time></trkpt>
<trkpt lat="23.954" lon="120.99365"><ele>740</ele><time>2023-10-18T01:08:52.000Z</time></trkpt>
<trkpt lat="23.95405" lon="120.99359"><ele>742</ele><time>2023-10-18T01:08:58.000Z</time></trkpt>
<trkpt lat="23.95413" lon="120.99354"><ele>743</ele><time>2023-10-18T01:09:05.000Z</time></trkpt>
<trkpt lat="23.95419" lon="120.99349"><ele>744</ele><time>2023-10-18T01:09:11.000Z</time></trkpt>
<trkpt lat="23.95428" lon="120.99344"><ele>745</ele><time>2023-10-18T01:09:18.000Z</time></trkpt>
<trkpt lat="23.95436" lon="120.99338"><ele>747</ele><time>2023-10-18T01:09:26.000Z</time></trkpt>
<trkpt lat="23.95445" lon="120.99332"><ele>747</ele><time>2023-10-18T01:09:33.000Z</time></trkpt>
<trkpt lat="23.95455" lon="120.99332"><ele>748</ele><time>2023-10-18T01:09:39.000Z</time></trkpt>
<trkpt lat="23.9546" lon="120.99329"><ele>748</ele><time>2023-10-18T01:09:43.000Z</time></trkpt>
<trkpt lat="23.95465" lon="120.99323"><ele>748</ele><time>2023-10-18T01:09:48.000Z</time></trkpt>
<trkpt lat="23.95476" lon="120.99304"><ele>744</ele><time>2023-10-18T01:10:03.000Z</time></trkpt>
<trkpt lat="23.9548" lon="120.99301"><ele>743</ele><time>2023-10-18T01:10:05.000Z</time></trkpt>
<trkpt lat="23.95492" lon="120.99298"><ele>742</ele><time>2023-10-18T01:10:14.000Z</time></trkpt>
<trkpt lat="23.95493" lon="120.99299"><ele>741</ele><time>2023-10-18T01:10:15.000Z</time></trkpt>
<trkpt lat="23.95507" lon="120.99321"><ele>738</ele><time>2023-10-18T01:10:29.000Z</time></trkpt>
<trkpt lat="23.95515" lon="120.99332"><ele>737</ele><time>2023-10-18T01:10:37.000Z</time></trkpt>
<trkpt lat="23.95517" lon="120.99336"><ele>736</ele><time>2023-10-18T01:10:40.000Z</time></trkpt>
<trkpt lat="23.95518" lon="120.99339"><ele>736</ele><time>2023-10-18T01:10:42.000Z</time></trkpt>
<trkpt lat="23.95519" lon="120.99352"><ele>734</ele><time>2023-10-18T01:10:51.000Z</time></trkpt>
<trkpt lat="23.95518" lon="120.99358"><ele>733</ele><time>2023-10-18T01:10:53.000Z</time></trkpt>
<trkpt lat="23.95516" lon="120.99363"><ele>733</ele><time>2023-10-18T01:10:56.000Z</time></trkpt>
<trkpt lat="23.9551" lon="120.99369"><ele>732</ele><time>2023-10-18T01:11:01.000Z</time></trkpt>
<trkpt lat="23.95506" lon="120.99371"><ele>732</ele><time>2023-10-18T01:11:03.000Z</time></trkpt>
<trkpt lat="23.95496" lon="120.99373"><ele>731</ele><time>2023-10-18T01:11:09.000Z</time></trkpt>
<trkpt lat="23.95491" lon="120.99375"><ele>730</ele><time>2023-10-18T01:11:12.000Z</time></trkpt>
<trkpt lat="23.9549" lon="120.99377"><ele>730</ele><time>2023-10-18T01:11:14.000Z</time></trkpt>
<trkpt lat="23.95488" lon="120.9938"><ele>729</ele><time>2023-10-18T01:11:16.000Z</time></trkpt>
<trkpt lat="23.9549" lon="120.99383"><ele>728</ele><time>2023-10-18T01:11:19.000Z</time></trkpt>
<trkpt lat="23.95494" lon="120.99386"><ele>727</ele><time>2023-10-18T01:11:22.000Z</time></trkpt>
<trkpt lat="23.95519" lon="120.99397"><ele>722</ele><time>2023-10-18T01:11:36.000Z</time></trkpt>
<trkpt lat="23.95533" lon="120.994"><ele>721</ele><time>2023-10-18T01:11:42.000Z</time></trkpt>
<trkpt lat="23.95538" lon="120.994"><ele>720</ele><time>2023-10-18T01:11:44.000Z</time></trkpt>
<trkpt lat="23.95551" lon="120.99395"><ele>717</ele><time>2023-10-18T01:11:51.000Z</time></trkpt>
<trkpt lat="23.9556" lon="120.99388"><ele>716</ele><time>2023-10-18T01:11:56.000Z</time></trkpt>
<trkpt lat="23.95565" lon="120.99382"><ele>715</ele><time>2023-10-18T01:11:59.000Z</time></trkpt>
<trkpt lat="23.95569" lon="120.99374"><ele>713</ele><time>2023-10-18T01:12:04.000Z</time></trkpt>
<trkpt lat="23.95575" lon="120.99357"><ele>709</ele><time>2023-10-18T01:12:14.000Z</time></trkpt>
<trkpt lat="23.95576" lon="120.99344"><ele>706</ele><time>2023-10-18T01:12:21.000Z</time></trkpt>
<trkpt lat="23.95574" lon="120.99335"><ele>705</ele><time>2023-10-18T01:12:26.000Z</time></trkpt>
<trkpt lat="23.95572" lon="120.99331"><ele>704</ele><time>2023-10-18T01:12:28.000Z</time></trkpt>
<trkpt lat="23.95565" lon="120.9932"><ele>702</ele><time>2023-10-18T01:12:35.000Z</time></trkpt>
<trkpt lat="23.95563" lon="120.99314"><ele>701</ele><time>2023-10-18T01:12:38.000Z</time></trkpt>
<trkpt lat="23.95564" lon="120.9929"><ele>698</ele><time>2023-10-18T01:12:50.000Z</time></trkpt>
<trkpt lat="23.95563" lon="120.9928"><ele>696</ele><time>2023-10-18T01:12:55.000Z</time></trkpt>
<trkpt lat="23.95563" lon="120.99271"><ele>695</ele><time>2023-10-18T01:13:00.000Z</time></trkpt>
<trkpt lat="23.95564" lon="120.99267"><ele>695</ele><time>2023-10-18T01:13:02.000Z</time></trkpt>
<trkpt lat="23.95568" lon="120.99263"><ele>694</ele><time>2023-10-18T01:13:05.000Z</time></trkpt>
<trkpt lat="23.95572" lon="120.9926"><ele>694</ele><time>2023-10-18T01:13:08.000Z</time></trkpt>
<trkpt lat="23.95586" lon="120.99251"><ele>693</ele><time>2023-10-18T01:13:17.000Z</time></trkpt>
<trkpt lat="23.9559" lon="120.99248"><ele>693</ele><time>2023-10-18T01:13:20.000Z</time></trkpt>
<trkpt lat="23.95594" lon="120.99243"><ele>692</ele><time>2023-10-18T01:13:24.000Z</time></trkpt>
<trkpt lat="23.95597" lon="120.99238"><ele>692</ele><time>2023-10-18T01:13:27.000Z</time></trkpt>
<trkpt lat="23.95601" lon="120.99227"><ele>690</ele><time>2023-10-18T01:13:33.000Z</time></trkpt>
<trkpt lat="23.95602" lon="120.99221"><ele>689</ele><time>2023-10-18T01:13:37.000Z</time></trkpt>
<trkpt lat="23.95601" lon="120.99217"><ele>689</ele><time>2023-10-18T01:13:39.000Z</time></trkpt>
<trkpt lat="23.95596" lon="120.99202"><ele>686</ele><time>2023-10-18T01:13:48.000Z</time></trkpt>
<trkpt lat="23.95596" lon="120.99196"><ele>685</ele><time>2023-10-18T01:13:51.000Z</time></trkpt>
<trkpt lat="23.95596" lon="120.99193"><ele>685</ele><time>2023-10-18T01:13:53.000Z</time></trkpt>
<trkpt lat="23.95599" lon="120.99187"><ele>684</ele><time>2023-10-18T01:13:57.000Z</time></trkpt>
<trkpt lat="23.95609" lon="120.99177"><ele>682</ele><time>2023-10-18T01:14:05.000Z</time></trkpt>
<trkpt lat="23.95611" lon="120.99175"><ele>682</ele><time>2023-10-18T01:14:07.000Z</time></trkpt>
<trkpt lat="23.95619" lon="120.99154"><ele>678</ele><time>2023-10-18T01:14:19.000Z</time></trkpt>
<trkpt lat="23.95625" lon="120.99146"><ele>677</ele><time>2023-10-18T01:14:24.000Z</time></trkpt>
<trkpt lat="23.9563" lon="120.99141"><ele>676</ele><time>2023-10-18T01:14:29.000Z</time></trkpt>
<trkpt lat="23.95638" lon="120.99136"><ele>675</ele><time>2023-10-18T01:14:34.000Z</time></trkpt>
<trkpt lat="23.95653" lon="120.9913"><ele>671</ele><time>2023-10-18T01:14:47.000Z</time></trkpt>
<trkpt lat="23.95657" lon="120.99127"><ele>671</ele><time>2023-10-18T01:14:50.000Z</time></trkpt>
<trkpt lat="23.95663" lon="120.99125"><ele>670</ele><time>2023-10-18T01:14:54.000Z</time></trkpt>
<trkpt lat="23.95674" lon="120.99118"><ele>668</ele><time>2023-10-18T01:15:02.000Z</time></trkpt>
<trkpt lat="23.95678" lon="120.99113"><ele>667</ele><time>2023-10-18T01:15:06.000Z</time></trkpt>
<trkpt lat="23.95684" lon="120.99102"><ele>664</ele><time>2023-10-18T01:15:13.000Z</time></trkpt>
<trkpt lat="23.95688" lon="120.99098"><ele>664</ele><time>2023-10-18T01:15:16.000Z</time></trkpt>
<trkpt lat="23.95698" lon="120.99093"><ele>662</ele><time>2023-10-18T01:15:23.000Z</time></trkpt>
<trkpt lat="23.95707" lon="120.99092"><ele>661</ele><time>2023-10-18T01:15:28.000Z</time></trkpt>
<trkpt lat="23.95722" lon="120.99088"><ele>660</ele><time>2023-10-18T01:15:36.000Z</time></trkpt>
<trkpt lat="23.9573" lon="120.99087"><ele>659</ele><time>2023-10-18T01:15:40.000Z</time></trkpt>
<trkpt lat="23.95738" lon="120.99085"><ele>659</ele><time>2023-10-18T01:15:43.000Z</time></trkpt>
<trkpt lat="23.95744" lon="120.99082"><ele>659</ele><time>2023-10-18T01:15:46.000Z</time></trkpt>
<trkpt lat="23.95748" lon="120.99077"><ele>658</ele><time>2023-10-18T01:15:49.000Z</time></trkpt>
<trkpt lat="23.9575" lon="120.99073"><ele>658</ele><time>2023-10-18T01:15:51.000Z</time></trkpt>
<trkpt lat="23.95754" lon="120.9907"><ele>657</ele><time>2023-10-18T01:15:54.000Z</time></trkpt>
<trkpt lat="23.95757" lon="120.99068"><ele>657</ele><time>2023-10-18T01:15:56.000Z</time></trkpt>
<trkpt lat="23.95759" lon="120.99068"><ele>657</ele><time>2023-10-18T01:15:57.000Z</time></trkpt>
<trkpt lat="23.95761" lon="120.99069"><ele>657</ele><time>2023-10-18T01:15:58.000Z</time></trkpt>
<trkpt lat="23.95762" lon="120.99071"><ele>657</ele><time>2023-10-18T01:15:59.000Z</time></trkpt>
<trkpt lat="23.95761" lon="120.99075"><ele>656</ele><time>2023-10-18T01:16:01.000Z</time></trkpt>
<trkpt lat="23.9576" lon="120.99077"><ele>656</ele><time>2023-10-18T01:16:02.000Z</time></trkpt>
<trkpt lat="23.95754" lon="120.99085"><ele>655</ele><time>2023-10-18T01:16:06.000Z</time></trkpt>
<trkpt lat="23.95748" lon="120.99091"><ele>655</ele><time>2023-10-18T01:16:10.000Z</time></trkpt>
<trkpt lat="23.9574" lon="120.99095"><ele>654</ele><time>2023-10-18T01:16:15.000Z</time></trkpt>
<trkpt lat="23.95738" lon="120.99097"><ele>654</ele><time>2023-10-18T01:16:17.000Z</time></trkpt>
<trkpt lat="23.95738" lon="120.99101"><ele>653</ele><time>2023-10-18T01:16:19.000Z</time></trkpt>
<trkpt lat="23.95739" lon="120.99102"><ele>653</ele><time>2023-10-18T01:16:20.000Z</time></trkpt>
<trkpt lat="23.95742" lon="120.99103"><ele>652</ele><time>2023-10-18T01:16:22.000Z</time></trkpt>
<trkpt lat="23.95745" lon="120.99102"><ele>652</ele><time>2023-10-18T01:16:24.000Z</time></trkpt>
<trkpt lat="23.95752" lon="120.99099"><ele>650</ele><time>2023-10-18T01:16:28.000Z</time></trkpt>
<trkpt lat="23.95761" lon="120.99097"><ele>649</ele><time>2023-10-18T01:16:33.000Z</time></trkpt>
<trkpt lat="23.95775" lon="120.99088"><ele>646</ele><time>2023-10-18T01:16:43.000Z</time></trkpt>
<trkpt lat="23.95778" lon="120.99087"><ele>645</ele><time>2023-10-18T01:16:45.000Z</time></trkpt>
<trkpt lat="23.95782" lon="120.99088"><ele>645</ele><time>2023-10-18T01:16:47.000Z</time></trkpt>
<trkpt lat="23.95784" lon="120.9909"><ele>644</ele><time>2023-10-18T01:16:49.000Z</time></trkpt>
<trkpt lat="23.95785" lon="120.99094"><ele>643</ele><time>2023-10-18T01:16:51.000Z</time></trkpt>
<trkpt lat="23.95785" lon="120.99098"><ele>643</ele><time>2023-10-18T01:16:53.000Z</time></trkpt>
<trkpt lat="23.9578" lon="120.99103"><ele>642</ele><time>2023-10-18T01:16:57.000Z</time></trkpt>
<trkpt lat="23.95769" lon="120.99116"><ele>641</ele><time>2023-10-18T01:17:04.000Z</time></trkpt>
<trkpt lat="23.95767" lon="120.9912"><ele>641</ele><time>2023-10-18T01:17:06.000Z</time></trkpt>
<trkpt lat="23.95768" lon="120.99122"><ele>640</ele><time>2023-10-18T01:17:07.000Z</time></trkpt>
<trkpt lat="23.95772" lon="120.99125"><ele>640</ele><time>2023-10-18T01:17:09.000Z</time></trkpt>
<trkpt lat="23.95782" lon="120.99128"><ele>639</ele><time>2023-10-18T01:17:13.000Z</time></trkpt>
<trkpt lat="23.95805" lon="120.99138"><ele>638</ele><time>2023-10-18T01:17:23.000Z</time></trkpt>
<trkpt lat="23.95825" lon="120.9914"><ele>639</ele><time>2023-10-18T01:17:35.000Z</time></trkpt>
<trkpt lat="23.95835" lon="120.9914"><ele>639</ele><time>2023-10-18T01:17:40.000Z</time></trkpt>
<trkpt lat="23.95843" lon="120.99137"><ele>639</ele><time>2023-10-18T01:17:45.000Z</time></trkpt>
<trkpt lat="23.95846" lon="120.99135"><ele>639</ele><time>2023-10-18T01:17:47.000Z</time></trkpt>
<trkpt lat="23.95854" lon="120.99127"><ele>639</ele><time>2023-10-18T01:17:54.000Z</time></trkpt>
<trkpt lat="23.95863" lon="120.99123"><ele>640</ele><time>2023-10-18T01:17:59.000Z</time></trkpt>
<trkpt lat="23.95872" lon="120.99122"><ele>640</ele><time>2023-10-18T01:18:04.000Z</time></trkpt>
<trkpt lat="23.95882" lon="120.99124"><ele>640</ele><time>2023-10-18T01:18:10.000Z</time></trkpt>
<trkpt lat="23.95893" lon="120.99123"><ele>640</ele><time>2023-10-18T01:18:16.000Z</time></trkpt>
<trkpt lat="23.95903" lon="120.99124"><ele>641</ele><time>2023-10-18T01:18:22.000Z</time></trkpt>
<trkpt lat="23.9592" lon="120.9912"><ele>641</ele><time>2023-10-18T01:18:32.000Z</time></trkpt>
<trkpt lat="23.95932" lon="120.99115"><ele>642</ele><time>2023-10-18T01:18:40.000Z</time></trkpt>
<trkpt lat="23.95955" lon="120.99109"><ele>645</ele><time>2023-10-18T01:18:56.000Z</time></trkpt>
<trkpt lat="23.95962" lon="120.99109"><ele>646</ele><time>2023-10-18T01:19:01.000Z</time></trkpt>
<trkpt lat="23.95971" lon="120.99107"><ele>647</ele><time>2023-10-18T01:19:07.000Z</time></trkpt>
<trkpt lat="23.95994" lon="120.99095"><ele>649</ele><time>2023-10-18T01:19:24.000Z</time></trkpt>
<trkpt lat="23.96001" lon="120.9909"><ele>649</ele><time>2023-10-18T01:19:29.000Z</time></trkpt>
<trkpt lat="23.96007" lon="120.99085"><ele>649</ele><time>2023-10-18T01:19:34.000Z</time></trkpt>
<trkpt lat="23.96022" lon="120.99075"><ele>648</ele><time>2023-10-18T01:19:44.000Z</time></trkpt>
<trkpt lat="23.96027" lon="120.99074"><ele>649</ele><time>2023-10-18T01:19:47.000Z</time></trkpt>
<trkpt lat="23.96034" lon="120.99073"><ele>649</ele><time>2023-10-18T01:19:52.000Z</time></trkpt>
<trkpt lat="23.96039" lon="120.9907"><ele>650</ele><time>2023-10-18T01:19:56.000Z</time></trkpt>
<trkpt lat="23.96042" lon="120.9907"><ele>650</ele><time>2023-10-18T01:19:58.000Z</time></trkpt>
<trkpt lat="23.9605" lon="120.99073"><ele>652</ele><time>2023-10-18T01:20:05.000Z</time></trkpt>
<trkpt lat="23.96051" lon="120.99077"><ele>653</ele><time>2023-10-18T01:20:10.000Z</time></trkpt>
<trkpt lat="23.96054" lon="120.9908"><ele>653</ele><time>2023-10-18T01:20:15.000Z</time></trkpt>
<trkpt lat="23.96057" lon="120.99082"><ele>655</ele><time>2023-10-18T01:20:22.000Z</time></trkpt>
<trkpt lat="23.9606" lon="120.99083"><ele>655</ele><time>2023-10-18T01:20:30.000Z</time></trkpt>
<trkpt lat="23.96063" lon="120.99083"><ele>656</ele><time>2023-10-18T01:20:32.000Z</time></trkpt>
<trkpt lat="23.96063" lon="120.99082"><ele>656</ele><time>2023-10-18T01:20:33.000Z</time></trkpt>
<trkpt lat="23.96068" lon="120.99073"><ele>658</ele><time>2023-10-18T01:20:41.000Z</time></trkpt>
<trkpt lat="23.96071" lon="120.99071"><ele>659</ele><time>2023-10-18T01:20:45.000Z</time></trkpt>
<trkpt lat="23.96072" lon="120.99071"><ele>660</ele><time>2023-10-18T01:20:46.000Z</time></trkpt>
<trkpt lat="23.96076" lon="120.99075"><ele>661</ele><time>2023-10-18T01:20:50.000Z</time></trkpt>
<trkpt lat="23.96076" lon="120.99078"><ele>661</ele><time>2023-10-18T01:20:52.000Z</time></trkpt>
<trkpt lat="23.96075" lon="120.99084"><ele>662</ele><time>2023-10-18T01:20:58.000Z</time></trkpt>
<trkpt lat="23.96077" lon="120.99087"><ele>663</ele><time>2023-10-18T01:21:00.000Z</time></trkpt>
<trkpt lat="23.9608" lon="120.99089"><ele>664</ele><time>2023-10-18T01:21:04.000Z</time></trkpt>
<trkpt lat="23.96081" lon="120.99088"><ele>664</ele><time>2023-10-18T01:21:05.000Z</time></trkpt>
<trkpt lat="23.96082" lon="120.99087"><ele>665</ele><time>2023-10-18T01:21:07.000Z</time></trkpt>
<trkpt lat="23.96083" lon="120.99082"><ele>666</ele><time>2023-10-18T01:21:11.000Z</time></trkpt>
<trkpt lat="23.96086" lon="120.99079"><ele>666</ele><time>2023-10-18T01:21:14.000Z</time></trkpt>
<trkpt lat="23.96089" lon="120.99077"><ele>667</ele><time>2023-10-18T01:21:18.000Z</time></trkpt>
<trkpt lat="23.96095" lon="120.99078"><ele>668</ele><time>2023-10-18T01:21:23.000Z</time></trkpt>
<trkpt lat="23.96098" lon="120.9908"><ele>669</ele><time>2023-10-18T01:21:27.000Z</time></trkpt>
<trkpt lat="23.96099" lon="120.99082"><ele>670</ele><time>2023-10-18T01:21:30.000Z</time></trkpt>
<trkpt lat="23.96099" lon="120.99085"><ele>671</ele><time>2023-10-18T01:21:32.000Z</time></trkpt>
<trkpt lat="23.96097" lon="120.99088"><ele>671</ele><time>2023-10-18T01:21:35.000Z</time></trkpt>
<trkpt lat="23.96097" lon="120.99092"><ele>672</ele><time>2023-10-18T01:21:39.000Z</time></trkpt>
<trkpt lat="23.96097" lon="120.99096"><ele>673</ele><time>2023-10-18T01:21:42.000Z</time></trkpt>
<trkpt lat="23.961" lon="120.99101"><ele>674</ele><time>2023-10-18T01:21:47.000Z</time></trkpt>
<trkpt lat="23.96101" lon="120.99102"><ele>675</ele><time>2023-10-18T01:21:49.000Z</time></trkpt>
<trkpt lat="23.96104" lon="120.99101"><ele>675</ele><time>2023-10-18T01:21:52.000Z</time></trkpt>
<trkpt lat="23.96109" lon="120.99099"><ele>677</ele><time>2023-10-18T01:21:57.000Z</time></trkpt>
<trkpt lat="23.96115" lon="120.99095"><ele>679</ele><time>2023-10-18T01:22:03.000Z</time></trkpt>
<trkpt lat="23.96118" lon="120.99094"><ele>679</ele><time>2023-10-18T01:22:06.000Z</time></trkpt>
<trkpt lat="23.96122" lon="120.99095"><ele>681</ele><time>2023-10-18T01:22:12.000Z</time></trkpt>
<trkpt lat="23.96127" lon="120.99098"><ele>682</ele><time>2023-10-18T01:22:16.000Z</time></trkpt>
<trkpt lat="23.96128" lon="120.99101"><ele>683</ele><time>2023-10-18T01:22:19.000Z</time></trkpt>
<trkpt lat="23.96127" lon="120.99103"><ele>684</ele><time>2023-10-18T01:22:21.000Z</time></trkpt>
<trkpt lat="23.96123" lon="120.9911"><ele>686</ele><time>2023-10-18T01:22:30.000Z</time></trkpt>
<trkpt lat="23.96121" lon="120.9911"><ele>686</ele><time>2023-10-18T01:22:31.000Z</time></trkpt>
<trkpt lat="23.9612" lon="120.99112"><ele>686</ele><time>2023-10-18T01:22:33.000Z</time></trkpt>
<trkpt lat="23.96117" lon="120.99118"><ele>687</ele><time>2023-10-18T01:22:38.000Z</time></trkpt>
<trkpt lat="23.96116" lon="120.99123"><ele>688</ele><time>2023-10-18T01:22:43.000Z</time></trkpt>
<trkpt lat="23.96118" lon="120.99127"><ele>689</ele><time>2023-10-18T01:22:47.000Z</time></trkpt>
<trkpt lat="23.9612" lon="120.99128"><ele>690</ele><time>2023-10-18T01:22:49.000Z</time></trkpt>
<trkpt lat="23.96121" lon="120.99127"><ele>690</ele><time>2023-10-18T01:22:50.000Z</time></trkpt>
<trkpt lat="23.96127" lon="120.99122"><ele>691</ele><time>2023-10-18T01:22:56.000Z</time></trkpt>
<trkpt lat="23.9613" lon="120.99118"><ele>693</ele><time>2023-10-18T01:23:01.000Z</time></trkpt>
<trkpt lat="23.96133" lon="120.99118"><ele>693</ele><time>2023-10-18T01:23:04.000Z</time></trkpt>
<trkpt lat="23.96135" lon="120.9912"><ele>694</ele><time>2023-10-18T01:23:07.000Z</time></trkpt>
<trkpt lat="23.96141" lon="120.99132"><ele>697</ele><time>2023-10-18T01:23:19.000Z</time></trkpt>
<trkpt lat="23.96145" lon="120.99134"><ele>698</ele><time>2023-10-18T01:23:23.000Z</time></trkpt>
<trkpt lat="23.96155" lon="120.99124"><ele>702</ele><time>2023-10-18T01:23:37.000Z</time></trkpt>
<trkpt lat="23.96164" lon="120.99118"><ele>704</ele><time>2023-10-18T01:23:47.000Z</time></trkpt>
<trkpt lat="23.96171" lon="120.99111"><ele>706</ele><time>2023-10-18T01:23:54.000Z</time></trkpt>
<trkpt lat="23.96175" lon="120.99104"><ele>707</ele><time>2023-10-18T01:24:00.000Z</time></trkpt>
<trkpt lat="23.96181" lon="120.99087"><ele>707</ele><time>2023-10-18T01:24:11.000Z</time></trkpt>
<trkpt lat="23.96185" lon="120.99073"><ele>704</ele><time>2023-10-18T01:24:19.000Z</time></trkpt>
<trkpt lat="23.9619" lon="120.99062"><ele>702</ele><time>2023-10-18T01:24:24.000Z</time></trkpt>
<trkpt lat="23.96192" lon="120.9904"><ele>697</ele><time>2023-10-18T01:24:33.000Z</time></trkpt>
<trkpt lat="23.96193" lon="120.99025"><ele>694</ele><time>2023-10-18T01:24:41.000Z</time></trkpt>
<trkpt lat="23.96194" lon="120.99017"><ele>693</ele><time>2023-10-18T01:24:45.000Z</time></trkpt>
<trkpt lat="23.96196" lon="120.99011"><ele>693</ele><time>2023-10-18T01:24:48.000Z</time></trkpt>
<trkpt lat="23.96204" lon="120.98996"><ele>691</ele><time>2023-10-18T01:24:57.000Z</time></trkpt>
<trkpt lat="23.96209" lon="120.98988"><ele>689</ele><time>2023-10-18T01:25:02.000Z</time></trkpt>
<trkpt lat="23.96213" lon="120.98984"><ele>688</ele><time>2023-10-18T01:25:05.000Z</time></trkpt>
<trkpt lat="23.96216" lon="120.98981"><ele>687</ele><time>2023-10-18T01:25:07.000Z</time></trkpt>
<trkpt lat="23.96225" lon="120.98977"><ele>685</ele><time>2023-10-18T01:25:13.000Z</time></trkpt>
<trkpt lat="23.96229" lon="120.98978"><ele>685</ele><time>2023-10-18T01:25:15.000Z</time></trkpt>
<trkpt lat="23.96234" lon="120.98981"><ele>684</ele><time>2023-10-18T01:25:18.000Z</time></trkpt>
<trkpt lat="23.96241" lon="120.98981"><ele>683</ele><time>2023-10-18T01:25:21.000Z</time></trkpt>
<trkpt lat="23.9625" lon="120.98981"><ele>682</ele><time>2023-10-18T01:25:24.000Z</time></trkpt>
<trkpt lat="23.9626" lon="120.98979"><ele>680</ele><time>2023-10-18T01:25:27.000Z</time></trkpt>
<trkpt lat="23.96288" lon="120.98972"><ele>677</ele><time>2023-10-18T01:25:36.000Z</time></trkpt>
<trkpt lat="23.9629" lon="120.98969"><ele>677</ele><time>2023-10-18T01:25:38.000Z</time></trkpt>
<trkpt lat="23.96297" lon="120.98966"><ele>677</ele><time>2023-10-18T01:25:42.000Z</time></trkpt>
<trkpt lat="23.96301" lon="120.98966"><ele>677</ele><time>2023-10-18T01:25:45.000Z</time></trkpt>
<trkpt lat="23.96314" lon="120.98967"><ele>678</ele><time>2023-10-18T01:25:53.000Z</time></trkpt>
<trkpt lat="23.96339" lon="120.98971"><ele>681</ele><time>2023-10-18T01:26:08.000Z</time></trkpt>
<trkpt lat="23.96349" lon="120.98975"><ele>682</ele><time>2023-10-18T01:26:14.000Z</time></trkpt>
<trkpt lat="23.96352" lon="120.98975"><ele>682</ele><time>2023-10-18T01:26:16.000Z</time></trkpt>
<trkpt lat="23.9636" lon="120.98978"><ele>682</ele><time>2023-10-18T01:26:21.000Z</time></trkpt>
<trkpt lat="23.96374" lon="120.9898"><ele>682</ele><time>2023-10-18T01:26:29.000Z</time></trkpt>
<trkpt lat="23.96379" lon="120.98982"><ele>682</ele><time>2023-10-18T01:26:32.000Z</time></trkpt>
<trkpt lat="23.96383" lon="120.9899"><ele>682</ele><time>2023-10-18T01:26:36.000Z</time></trkpt>
<trkpt lat="23.96386" lon="120.98999"><ele>681</ele><time>2023-10-18T01:26:41.000Z</time></trkpt>
<trkpt lat="23.96389" lon="120.99001"><ele>681</ele><time>2023-10-18T01:26:43.000Z</time></trkpt>
<trkpt lat="23.96391" lon="120.99001"><ele>681</ele><time>2023-10-18T01:26:44.000Z</time></trkpt>
<trkpt lat="23.96402" lon="120.98999"><ele>680</ele><time>2023-10-18T01:26:47.000Z</time></trkpt>
<trkpt lat="23.96415" lon="120.98994"><ele>680</ele><time>2023-10-18T01:26:51.000Z</time></trkpt>
<trkpt lat="23.96462" lon="120.98989"><ele>679</ele><time>2023-10-18T01:27:06.000Z</time></trkpt>
<trkpt lat="23.96478" lon="120.98985"><ele>679</ele><time>2023-10-18T01:27:11.000Z</time></trkpt>
<trkpt lat="23.96486" lon="120.98984"><ele>679</ele><time>2023-10-18T01:27:14.000Z</time></trkpt>
<trkpt lat="23.96509" lon="120.98986"><ele>678</ele><time>2023-10-18T01:27:23.000Z</time></trkpt>
<trkpt lat="23.96529" lon="120.98982"><ele>678</ele><time>2023-10-18T01:27:35.000Z</time></trkpt>
<trkpt lat="23.9655" lon="120.98981"><ele>678</ele><time>2023-10-18T01:27:47.000Z</time></trkpt>
<trkpt lat="23.96555" lon="120.98983"><ele>678</ele><time>2023-10-18T01:27:50.000Z</time></trkpt>
<trkpt lat="23.9657" lon="120.98983"><ele>678</ele><time>2023-10-18T01:27:59.000Z</time></trkpt>
<trkpt lat="23.96579" lon="120.98984"><ele>677</ele><time>2023-10-18T01:28:04.000Z</time></trkpt>
<trkpt lat="23.96593" lon="120.98983"><ele>677</ele><time>2023-10-18T01:28:13.000Z</time></trkpt>
<trkpt lat="23.96599" lon="120.98984"><ele>677</ele><time>2023-10-18T01:28:17.000Z</time></trkpt>
<trkpt lat="23.96611" lon="120.98981"><ele>676</ele><time>2023-10-18T01:28:27.000Z</time></trkpt>
<trkpt lat="23.96617" lon="120.9898"><ele>675</ele><time>2023-10-18T01:29:00.000Z</time></trkpt>
<trkpt lat="23.96618" lon="120.98984"><ele>674</ele><time>2023-10-18T01:29:04.000Z</time></trkpt>
<trkpt lat="23.96619" lon="120.98984"><ele>674</ele><time>2023-10-18T01:29:06.000Z</time></trkpt>
<trkpt lat="23.96619" lon="120.98985"><ele>674</ele><time>2023-10-18T01:29:11.000Z</time></trkpt>
<trkpt lat="23.96617" lon="120.98988"><ele>674</ele><time>2023-10-18T01:29:14.000Z</time></trkpt>
<trkpt lat="23.96609" lon="120.98989"><ele>674</ele><time>2023-10-18T01:29:20.000Z</time></trkpt>
<trkpt lat="23.96604" lon="120.99005"><ele>672</ele><time>2023-10-18T01:29:38.000Z</time></trkpt>
<trkpt lat="23.96602" lon="120.9902"><ele>668</ele><time>2023-10-18T01:29:50.000Z</time></trkpt>
<trkpt lat="23.96602" lon="120.99025"><ele>665</ele><time>2023-10-18T01:29:57.000Z</time></trkpt>
<trkpt lat="23.96603" lon="120.99029"><ele>664</ele><time>2023-10-18T01:30:02.000Z</time></trkpt>
<trkpt lat="23.96605" lon="120.99031"><ele>663</ele><time>2023-10-18T01:30:05.000Z</time></trkpt>
<trkpt lat="23.96613" lon="120.99037"><ele>661</ele><time>2023-10-18T01:30:14.000Z</time></trkpt>
<trkpt lat="23.9662" lon="120.99039"><ele>661</ele><time>2023-10-18T01:30:23.000Z</time></trkpt>
<trkpt lat="23.96628" lon="120.9904"><ele>661</ele><time>2023-10-18T01:30:30.000Z</time></trkpt>
<trkpt lat="23.96638" lon="120.99038"><ele>661</ele><time>2023-10-18T01:30:38.000Z</time></trkpt>
<trkpt lat="23.96641" lon="120.9904"><ele>661</ele><time>2023-10-18T01:30:41.000Z</time></trkpt>
<trkpt lat="23.96644" lon="120.99044"><ele>661</ele><time>2023-10-18T01:30:44.000Z</time></trkpt>
<trkpt lat="23.96646" lon="120.99045"><ele>660</ele><time>2023-10-18T01:30:46.000Z</time></trkpt>
<trkpt lat="23.96656" lon="120.99044"><ele>659</ele><time>2023-10-18T01:30:53.000Z</time></trkpt>
<trkpt lat="23.96664" lon="120.99042"><ele>659</ele><time>2023-10-18T01:30:59.000Z</time></trkpt>
<trkpt lat="23.96679" lon="120.99034"><ele>660</ele><time>2023-10-18T01:31:11.000Z</time></trkpt>
<trkpt lat="23.96691" lon="120.9903"><ele>660</ele><time>2023-10-18T01:31:22.000Z</time></trkpt>
<trkpt lat="23.96703" lon="120.99022"><ele>661</ele><time>2023-10-18T01:31:31.000Z</time></trkpt>
<trkpt lat="23.96707" lon="120.99022"><ele>661</ele><time>2023-10-18T01:31:36.000Z</time></trkpt>
<trkpt lat="23.96714" lon="120.99019"><ele>661</ele><time>2023-10-18T01:31:41.000Z</time></trkpt>
<trkpt lat="23.96733" lon="120.99009"><ele>661</ele><time>2023-10-18T01:31:55.000Z</time></trkpt>
<trkpt lat="23.96738" lon="120.99005"><ele>661</ele><time>2023-10-18T01:32:00.000Z</time></trkpt>
<trkpt lat="23.9674" lon="120.99004"><ele>661</ele><time>2023-10-18T01:32:03.000Z</time></trkpt>
<trkpt lat="23.96742" lon="120.99002"><ele>660</ele><time>2023-10-18T01:32:19.000Z</time></trkpt>
<trkpt lat="23.96746" lon="120.99008"><ele>660</ele><time>2023-10-18T01:32:34.000Z</time></trkpt>
<trkpt lat="23.96748" lon="120.99013"><ele>658</ele><time>2023-10-18T01:32:39.000Z</time></trkpt>
<trkpt lat="23.96748" lon="120.99016"><ele>657</ele><time>2023-10-18T01:32:42.000Z</time></trkpt>
<trkpt lat="23.96751" lon="120.99025"><ele>656</ele><time>2023-10-18T01:32:47.000Z</time></trkpt>
<trkpt lat="23.96751" lon="120.9903"><ele>655</ele><time>2023-10-18T01:32:51.000Z</time></trkpt>
<trkpt lat="23.96747" lon="120.99035"><ele>653</ele><time>2023-10-18T01:32:56.000Z</time></trkpt>
<trkpt lat="23.96747" lon="120.99036"><ele>651</ele><time>2023-10-18T01:33:00.000Z</time></trkpt>
<trkpt lat="23.96741" lon="120.99041"><ele>650</ele><time>2023-10-18T01:33:23.000Z</time></trkpt>
<trkpt lat="23.96734" lon="120.99052"><ele>648</ele><time>2023-10-18T01:33:30.000Z</time></trkpt>
<trkpt lat="23.96715" lon="120.99071"><ele>644</ele><time>2023-10-18T01:33:43.000Z</time></trkpt>
<trkpt lat="23.96705" lon="120.99089"><ele>639</ele><time>2023-10-18T01:33:54.000Z</time></trkpt>
<trkpt lat="23.96699" lon="120.99096"><ele>638</ele><time>2023-10-18T01:33:59.000Z</time></trkpt>
<trkpt lat="23.96695" lon="120.991"><ele>636</ele><time>2023-10-18T01:34:02.000Z</time></trkpt>
<trkpt lat="23.96685" lon="120.991"><ele>635</ele><time>2023-10-18T01:34:09.000Z</time></trkpt>
<trkpt lat="23.96675" lon="120.99106"><ele>632</ele><time>2023-10-18T01:34:16.000Z</time></trkpt>
<trkpt lat="23.96674" lon="120.99107"><ele>632</ele><time>2023-10-18T01:34:17.000Z</time></trkpt>
<trkpt lat="23.96673" lon="120.99109"><ele>631</ele><time>2023-10-18T01:34:19.000Z</time></trkpt>
<trkpt lat="23.96675" lon="120.9911"><ele>630</ele><time>2023-10-18T01:34:21.000Z</time></trkpt>
<trkpt lat="23.96677" lon="120.9911"><ele>630</ele><time>2023-10-18T01:34:24.000Z</time></trkpt>
<trkpt lat="23.96679" lon="120.9911"><ele>629</ele><time>2023-10-18T01:34:26.000Z</time></trkpt>
<trkpt lat="23.96684" lon="120.99112"><ele>629</ele><time>2023-10-18T01:34:28.000Z</time></trkpt>
<trkpt lat="23.96695" lon="120.9912"><ele>627</ele><time>2023-10-18T01:34:37.000Z</time></trkpt>
<trkpt lat="23.967" lon="120.99123"><ele>626</ele><time>2023-10-18T01:34:41.000Z</time></trkpt>
<trkpt lat="23.96708" lon="120.99122"><ele>624</ele><time>2023-10-18T01:34:47.000Z</time></trkpt>
<trkpt lat="23.96714" lon="120.99119"><ele>623</ele><time>2023-10-18T01:34:52.000Z</time></trkpt>
<trkpt lat="23.96721" lon="120.99121"><ele>622</ele><time>2023-10-18T01:34:57.000Z</time></trkpt>
<trkpt lat="23.96729" lon="120.99122"><ele>621</ele><time>2023-10-18T01:35:02.000Z</time></trkpt>
<trkpt lat="23.96734" lon="120.99121"><ele>620</ele><time>2023-10-18T01:35:05.000Z</time></trkpt>
<trkpt lat="23.96743" lon="120.99119"><ele>618</ele><time>2023-10-18T01:35:11.000Z</time></trkpt>
<trkpt lat="23.96746" lon="120.9912"><ele>617</ele><time>2023-10-18T01:35:13.000Z</time></trkpt>
<trkpt lat="23.96747" lon="120.99121"><ele>617</ele><time>2023-10-18T01:35:14.000Z</time></trkpt>
<trkpt lat="23.96746" lon="120.99124"><ele>617</ele><time>2023-10-18T01:35:16.000Z</time></trkpt>
<trkpt lat="23.96736" lon="120.99132"><ele>615</ele><time>2023-10-18T01:35:24.000Z</time></trkpt>
<trkpt lat="23.96722" lon="120.99138"><ele>610</ele><time>2023-10-18T01:35:35.000Z</time></trkpt>
<trkpt lat="23.96718" lon="120.99149"><ele>608</ele><time>2023-10-18T01:35:42.000Z</time></trkpt>
<trkpt lat="23.96714" lon="120.99154"><ele>607</ele><time>2023-10-18T01:35:46.000Z</time></trkpt>
<trkpt lat="23.9671" lon="120.99158"><ele>606</ele><time>2023-10-18T01:35:49.000Z</time></trkpt>
<trkpt lat="23.96705" lon="120.99159"><ele>605</ele><time>2023-10-18T01:35:52.000Z</time></trkpt>
<trkpt lat="23.96699" lon="120.99158"><ele>603</ele><time>2023-10-18T01:35:57.000Z</time></trkpt>
<trkpt lat="23.96697" lon="120.99158"><ele>602</ele><time>2023-10-18T01:35:58.000Z</time></trkpt>
<trkpt lat="23.96696" lon="120.99161"><ele>602</ele><time>2023-10-18T01:36:00.000Z</time></trkpt>
<trkpt lat="23.96699" lon="120.99165"><ele>600</ele><time>2023-10-18T01:36:05.000Z</time></trkpt>
<trkpt lat="23.96702" lon="120.99167"><ele>599</ele><time>2023-10-18T01:36:08.000Z</time></trkpt>
<trkpt lat="23.96706" lon="120.99169"><ele>599</ele><time>2023-10-18T01:36:11.000Z</time></trkpt>
<trkpt lat="23.9671" lon="120.99168"><ele>597</ele><time>2023-10-18T01:36:14.000Z</time></trkpt>
<trkpt lat="23.96716" lon="120.99166"><ele>596</ele><time>2023-10-18T01:36:18.000Z</time></trkpt>
<trkpt lat="23.96723" lon="120.9916"><ele>595</ele><time>2023-10-18T01:36:24.000Z</time></trkpt>
<trkpt lat="23.96725" lon="120.99159"><ele>594</ele><time>2023-10-18T01:36:26.000Z</time></trkpt>
<trkpt lat="23.96737" lon="120.99157"><ele>592</ele><time>2023-10-18T01:36:33.000Z</time></trkpt>
<trkpt lat="23.96758" lon="120.99155"><ele>588</ele><time>2023-10-18T01:36:45.000Z</time></trkpt>
<trkpt lat="23.96762" lon="120.99156"><ele>587</ele><time>2023-10-18T01:36:47.000Z</time></trkpt>
<trkpt lat="23.96763" lon="120.99158"><ele>586</ele><time>2023-10-18T01:36:48.000Z</time></trkpt>
<trkpt lat="23.96764" lon="120.99159"><ele>586</ele><time>2023-10-18T01:36:49.000Z</time></trkpt>
<trkpt lat="23.96757" lon="120.99166"><ele>584</ele><time>2023-10-18T01:36:56.000Z</time></trkpt>
<trkpt lat="23.96748" lon="120.99169"><ele>582</ele><time>2023-10-18T01:37:02.000Z</time></trkpt>
<trkpt lat="23.96743" lon="120.99171"><ele>581</ele><time>2023-10-18T01:37:05.000Z</time></trkpt>
<trkpt lat="23.96738" lon="120.99175"><ele>581</ele><time>2023-10-18T01:37:09.000Z</time></trkpt>
<trkpt lat="23.96734" lon="120.99181"><ele>580</ele><time>2023-10-18T01:37:13.000Z</time></trkpt>
<trkpt lat="23.96727" lon="120.99195"><ele>578</ele><time>2023-10-18T01:37:21.000Z</time></trkpt>
<trkpt lat="23.96724" lon="120.99199"><ele>577</ele><time>2023-10-18T01:37:24.000Z</time></trkpt>
<trkpt lat="23.96719" lon="120.99202"><ele>576</ele><time>2023-10-18T01:37:27.000Z</time></trkpt>
<trkpt lat="23.96711" lon="120.99205"><ele>574</ele><time>2023-10-18T01:37:32.000Z</time></trkpt>
<trkpt lat="23.96703" lon="120.99207"><ele>573</ele><time>2023-10-18T01:37:36.000Z</time></trkpt>
<trkpt lat="23.96689" lon="120.99205"><ele>570</ele><time>2023-10-18T01:37:44.000Z</time></trkpt>
<trkpt lat="23.96685" lon="120.99203"><ele>568</ele><time>2023-10-18T01:37:47.000Z</time></trkpt>
<trkpt lat="23.96684" lon="120.99203"><ele>568</ele><time>2023-10-18T01:37:48.000Z</time></trkpt>
<trkpt lat="23.96683" lon="120.99203"><ele>567</ele><time>2023-10-18T01:37:49.000Z</time></trkpt>
<trkpt lat="23.96688" lon="120.99212"><ele>564</ele><time>2023-10-18T01:37:57.000Z</time></trkpt>
<trkpt lat="23.96693" lon="120.99215"><ele>562</ele><time>2023-10-18T01:38:03.000Z</time></trkpt>
<trkpt lat="23.96705" lon="120.99224"><ele>560</ele><time>2023-10-18T01:38:12.000Z</time></trkpt>
<trkpt lat="23.96715" lon="120.9923"><ele>558</ele><time>2023-10-18T01:38:19.000Z</time></trkpt>
<trkpt lat="23.96721" lon="120.99232"><ele>557</ele><time>2023-10-18T01:38:24.000Z</time></trkpt>
<trkpt lat="23.96724" lon="120.99234"><ele>556</ele><time>2023-10-18T01:38:28.000Z</time></trkpt>
<trkpt lat="23.96731" lon="120.99237"><ele>554</ele><time>2023-10-18T01:38:33.000Z</time></trkpt>
<trkpt lat="23.96736" lon="120.99238"><ele>553</ele><time>2023-10-18T01:38:36.000Z</time></trkpt>
<trkpt lat="23.96744" lon="120.99237"><ele>551</ele><time>2023-10-18T01:38:41.000Z</time></trkpt>
<trkpt lat="23.96753" lon="120.99232"><ele>547</ele><time>2023-10-18T01:38:48.000Z</time></trkpt>
<trkpt lat="23.96763" lon="120.99228"><ele>544</ele><time>2023-10-18T01:38:55.000Z</time></trkpt>
<trkpt lat="23.96773" lon="120.99227"><ele>543</ele><time>2023-10-18T01:39:01.000Z</time></trkpt>
<trkpt lat="23.9678" lon="120.99228"><ele>542</ele><time>2023-10-18T01:39:11.000Z</time></trkpt>
<trkpt lat="23.96785" lon="120.99231"><ele>542</ele><time>2023-10-18T01:39:14.000Z</time></trkpt>
<trkpt lat="23.96801" lon="120.99243"><ele>540</ele><time>2023-10-18T01:39:21.000Z</time></trkpt>
<trkpt lat="23.9681" lon="120.9925"><ele>539</ele><time>2023-10-18T01:39:26.000Z</time></trkpt>
<trkpt lat="23.9681" lon="120.99252"><ele>539</ele><time>2023-10-18T01:39:28.000Z</time></trkpt>
<trkpt lat="23.96803" lon="120.99263"><ele>538</ele><time>2023-10-18T01:39:36.000Z</time></trkpt>
<trkpt lat="23.968" lon="120.99271"><ele>537</ele><time>2023-10-18T01:39:40.000Z</time></trkpt>
<trkpt lat="23.96794" lon="120.99281"><ele>534</ele><time>2023-10-18T01:39:47.000Z</time></trkpt>
<trkpt lat="23.96791" lon="120.99289"><ele>532</ele><time>2023-10-18T01:39:52.000Z</time></trkpt>
<trkpt lat="23.9679" lon="120.99293"><ele>531</ele><time>2023-10-18T01:39:55.000Z</time></trkpt>
<trkpt lat="23.96791" lon="120.99298"><ele>530</ele><time>2023-10-18T01:39:58.000Z</time></trkpt>
<trkpt lat="23.96793" lon="120.99304"><ele>529</ele><time>2023-10-18T01:40:02.000Z</time></trkpt>
<trkpt lat="23.96799" lon="120.99313"><ele>528</ele><time>2023-10-18T01:40:07.000Z</time></trkpt>
<trkpt lat="23.96801" lon="120.99319"><ele>527</ele><time>2023-10-18T01:40:10.000Z</time></trkpt>
<trkpt lat="23.96807" lon="120.99342"><ele>526</ele><time>2023-10-18T01:40:22.000Z</time></trkpt>
<trkpt lat="23.9681" lon="120.9935"><ele>525</ele><time>2023-10-18T01:40:26.000Z</time></trkpt>
<trkpt lat="23.96825" lon="120.99366"><ele>523</ele><time>2023-10-18T01:40:36.000Z</time></trkpt>
<trkpt lat="23.96831" lon="120.9937"><ele>522</ele><time>2023-10-18T01:40:39.000Z</time></trkpt>
<trkpt lat="23.96838" lon="120.99374"><ele>522</ele><time>2023-10-18T01:40:42.000Z</time></trkpt>
<trkpt lat="23.96845" lon="120.99376"><ele>522</ele><time>2023-10-18T01:40:45.000Z</time></trkpt>
<trkpt lat="23.96859" lon="120.99381"><ele>521</ele><time>2023-10-18T01:40:52.000Z</time></trkpt>
<trkpt lat="23.96869" lon="120.99382"><ele>522</ele><time>2023-10-18T01:40:57.000Z</time></trkpt>
<trkpt lat="23.96872" lon="120.99384"><ele>522</ele><time>2023-10-18T01:40:59.000Z</time></trkpt>
<trkpt lat="23.96877" lon="120.9939"><ele>522</ele><time>2023-10-18T01:41:02.000Z</time></trkpt>
<trkpt lat="23.96884" lon="120.99403"><ele>521</ele><time>2023-10-18T01:41:08.000Z</time></trkpt>
<trkpt lat="23.96886" lon="120.99411"><ele>521</ele><time>2023-10-18T01:41:11.000Z</time></trkpt>
<trkpt lat="23.96888" lon="120.99419"><ele>521</ele><time>2023-10-18T01:41:14.000Z</time></trkpt>
<trkpt lat="23.9689" lon="120.99431"><ele>520</ele><time>2023-10-18T01:41:19.000Z</time></trkpt>
<trkpt lat="23.96891" lon="120.99436"><ele>520</ele><time>2023-10-18T01:41:22.000Z</time></trkpt>
<trkpt lat="23.96899" lon="120.99451"><ele>519</ele><time>2023-10-18T01:41:30.000Z</time></trkpt>
<trkpt lat="23.96906" lon="120.9947"><ele>518</ele><time>2023-10-18T01:41:39.000Z</time></trkpt>
<trkpt lat="23.9691" lon="120.99475"><ele>518</ele><time>2023-10-18T01:41:42.000Z</time></trkpt>
<trkpt lat="23.9692" lon="120.99483"><ele>518</ele><time>2023-10-18T01:41:48.000Z</time></trkpt>
<trkpt lat="23.96924" lon="120.99488"><ele>518</ele><time>2023-10-18T01:41:52.000Z</time></trkpt>
<trkpt lat="23.96927" lon="120.99495"><ele>518</ele><time>2023-10-18T01:41:56.000Z</time></trkpt>
<trkpt lat="23.96929" lon="120.99503"><ele>518</ele><time>2023-10-18T01:42:00.000Z</time></trkpt>
<trkpt lat="23.96936" lon="120.99519"><ele>518</ele><time>2023-10-18T01:42:10.000Z</time></trkpt>
<trkpt lat="23.96943" lon="120.99543"><ele>519</ele><time>2023-10-18T01:42:23.000Z</time></trkpt>
<trkpt lat="23.96948" lon="120.99554"><ele>519</ele><time>2023-10-18T01:42:30.000Z</time></trkpt>
<trkpt lat="23.9695" lon="120.99558"><ele>519</ele><time>2023-10-18T01:42:33.000Z</time></trkpt>
<trkpt lat="23.96957" lon="120.99566"><ele>520</ele><time>2023-10-18T01:42:39.000Z</time></trkpt>
<trkpt lat="23.96962" lon="120.99574"><ele>520</ele><time>2023-10-18T01:42:45.000Z</time></trkpt>
<trkpt lat="23.96971" lon="120.99588"><ele>521</ele><time>2023-10-18T01:42:54.000Z</time></trkpt>
<trkpt lat="23.96981" lon="120.99596"><ele>520</ele><time>2023-10-18T01:43:02.000Z</time></trkpt>
<trkpt lat="23.96985" lon="120.99601"><ele>519</ele><time>2023-10-18T01:43:05.000Z</time></trkpt>
<trkpt lat="23.96991" lon="120.99614"><ele>518</ele><time>2023-10-18T01:43:12.000Z</time></trkpt>
<trkpt lat="23.96992" lon="120.99617"><ele>518</ele><time>2023-10-18T01:43:13.000Z</time></trkpt>
<trkpt lat="23.96994" lon="120.99619"><ele>518</ele><time>2023-10-18T01:43:15.000Z</time></trkpt>
<trkpt lat="23.96997" lon="120.99621"><ele>518</ele><time>2023-10-18T01:43:17.000Z</time></trkpt>
<trkpt lat="23.97009" lon="120.99621"><ele>518</ele><time>2023-10-18T01:43:25.000Z</time></trkpt>
<trkpt lat="23.97029" lon="120.99622"><ele>518</ele><time>2023-10-18T01:43:38.000Z</time></trkpt>
<trkpt lat="23.97041" lon="120.99623"><ele>518</ele><time>2023-10-18T01:43:46.000Z</time></trkpt>
<trkpt lat="23.97048" lon="120.99627"><ele>518</ele><time>2023-10-18T01:43:51.000Z</time></trkpt>
<trkpt lat="23.97051" lon="120.99629"><ele>518</ele><time>2023-10-18T01:43:53.000Z</time></trkpt>
<trkpt lat="23.97057" lon="120.99643"><ele>519</ele><time>2023-10-18T01:44:02.000Z</time></trkpt>
<trkpt lat="23.97059" lon="120.99645"><ele>519</ele><time>2023-10-18T01:44:04.000Z</time></trkpt>
<trkpt lat="23.97064" lon="120.99645"><ele>519</ele><time>2023-10-18T01:44:07.000Z</time></trkpt>
<trkpt lat="23.97075" lon="120.99638"><ele>518</ele><time>2023-10-18T01:44:14.000Z</time></trkpt>
<trkpt lat="23.97103" lon="120.99631"><ele>516</ele><time>2023-10-18T01:44:31.000Z</time></trkpt>
<trkpt lat="23.97124" lon="120.99623"><ele>517</ele><time>2023-10-18T01:44:45.000Z</time></trkpt>
<trkpt lat="23.97127" lon="120.99623"><ele>516</ele><time>2023-10-18T01:44:50.000Z</time></trkpt>
<trkpt lat="23.97141" lon="120.99618"><ele>516</ele><time>2023-10-18T01:44:59.000Z</time></trkpt>
<trkpt lat="23.97148" lon="120.99615"><ele>516</ele><time>2023-10-18T01:45:03.000Z</time></trkpt>
<trkpt lat="23.97153" lon="120.99613"><ele>515</ele><time>2023-10-18T01:45:07.000Z</time></trkpt>
<trkpt lat="23.97152" lon="120.99612"><ele>515</ele><time>2023-10-18T01:45:11.000Z</time></trkpt>
<trkpt lat="23.97153" lon="120.99612"><ele>514</ele><time>2023-10-18T01:45:17.000Z</time></trkpt>
<trkpt lat="23.97157" lon="120.99611"><ele>514</ele><time>2023-10-18T01:45:24.000Z</time></trkpt>
<trkpt lat="23.97172" lon="120.99604"><ele>513</ele><time>2023-10-18T01:45:34.000Z</time></trkpt>
<trkpt lat="23.97186" lon="120.99596"><ele>513</ele><time>2023-10-18T01:45:43.000Z</time></trkpt>
<trkpt lat="23.97197" lon="120.99589"><ele>513</ele><time>2023-10-18T01:45:51.000Z</time></trkpt>
<trkpt lat="23.97204" lon="120.9958"><ele>512</ele><time>2023-10-18T01:46:03.000Z</time></trkpt>
<trkpt lat="23.97208" lon="120.99576"><ele>512</ele><time>2023-10-18T01:46:06.000Z</time></trkpt>
<trkpt lat="23.97223" lon="120.99557"><ele>512</ele><time>2023-10-18T01:46:15.000Z</time></trkpt>
<trkpt lat="23.97244" lon="120.99525"><ele>511</ele><time>2023-10-18T01:46:28.000Z</time></trkpt>
<trkpt lat="23.97253" lon="120.99503"><ele>511</ele><time>2023-10-18T01:46:41.000Z</time></trkpt>
<trkpt lat="23.9727" lon="120.99468"><ele>510</ele><time>2023-10-18T01:46:55.000Z</time></trkpt>
<trkpt lat="23.97271" lon="120.99464"><ele>509</ele><time>2023-10-18T01:46:58.000Z</time></trkpt>
<trkpt lat="23.97271" lon="120.99461"><ele>508</ele><time>2023-10-18T01:47:08.000Z</time></trkpt>
<trkpt lat="23.97274" lon="120.99455"><ele>508</ele><time>2023-10-18T01:47:10.000Z</time></trkpt>
<trkpt lat="23.97278" lon="120.99449"><ele>509</ele><time>2023-10-18T01:47:12.000Z</time></trkpt>
<trkpt lat="23.97284" lon="120.99438"><ele>509</ele><time>2023-10-18T01:47:16.000Z</time></trkpt>
<trkpt lat="23.97296" lon="120.99418"><ele>508</ele><time>2023-10-18T01:47:24.000Z</time></trkpt>
<trkpt lat="23.973" lon="120.9941"><ele>508</ele><time>2023-10-18T01:47:27.000Z</time></trkpt>
<trkpt lat="23.97307" lon="120.99397"><ele>508</ele><time>2023-10-18T01:47:32.000Z</time></trkpt>
<trkpt lat="23.97312" lon="120.9939"><ele>508</ele><time>2023-10-18T01:47:35.000Z</time></trkpt>
<trkpt lat="23.97318" lon="120.99377"><ele>507</ele><time>2023-10-18T01:47:43.000Z</time></trkpt>
<trkpt lat="23.97321" lon="120.99373"><ele>506</ele><time>2023-10-18T01:47:46.000Z</time></trkpt>
<trkpt lat="23.97327" lon="120.99373"><ele>506</ele><time>2023-10-18T01:47:50.000Z</time></trkpt>
<trkpt lat="23.97336" lon="120.99378"><ele>506</ele><time>2023-10-18T01:47:57.000Z</time></trkpt>
<trkpt lat="23.97356" lon="120.9939"><ele>506</ele><time>2023-10-18T01:48:10.000Z</time></trkpt>
<trkpt lat="23.9737" lon="120.99396"><ele>505</ele><time>2023-10-18T01:48:19.000Z</time></trkpt>
<trkpt lat="23.97374" lon="120.994"><ele>505</ele><time>2023-10-18T01:48:23.000Z</time></trkpt>
<trkpt lat="23.97377" lon="120.99398"><ele>504</ele><time>2023-10-20T01:27:07.000Z</time></trkpt>
<trkpt lat="23.97378" lon="120.99396"><ele>504</ele><time>2023-10-20T01:27:08.000Z</time></trkpt>
<trkpt lat="23.97384" lon="120.99391"><ele>504</ele><time>2023-10-20T01:27:18.000Z</time></trkpt>
<trkpt lat="23.97389" lon="120.99388"><ele>504</ele><time>2023-10-20T01:27:21.000Z</time></trkpt>
<trkpt lat="23.97392" lon="120.99388"><ele>504</ele><time>2023-10-20T01:27:22.000Z</time></trkpt>
<trkpt lat="23.97398" lon="120.99389"><ele>504</ele><time>2023-10-20T01:27:25.000Z</time></trkpt>
<trkpt lat="23.97404" lon="120.99392"><ele>504</ele><time>2023-10-20T01:27:28.000Z</time></trkpt>
<trkpt lat="23.97413" lon="120.99396"><ele>504</ele><time>2023-10-20T01:27:33.000Z</time></trkpt>
<trkpt lat="23.97419" lon="120.99401"><ele>505</ele><time>2023-10-20T01:27:37.000Z</time></trkpt>
<trkpt lat="23.97425" lon="120.99404"><ele>505</ele><time>2023-10-20T01:27:41.000Z</time></trkpt>
<trkpt lat="23.9743" lon="120.99409"><ele>505</ele><time>2023-10-20T01:27:45.000Z</time></trkpt>
<trkpt lat="23.97433" lon="120.99413"><ele>505</ele><time>2023-10-20T01:27:49.000Z</time></trkpt>
<trkpt lat="23.97441" lon="120.99423"><ele>505</ele><time>2023-10-20T01:27:58.000Z</time></trkpt>
<trkpt lat="23.97446" lon="120.99426"><ele>506</ele><time>2023-10-20T01:28:01.000Z</time></trkpt>
<trkpt lat="23.9745" lon="120.99428"><ele>506</ele><time>2023-10-20T01:28:05.000Z</time></trkpt>
<trkpt lat="23.97451" lon="120.99432"><ele>506</ele><time>2023-10-20T01:28:07.000Z</time></trkpt>
<trkpt lat="23.9745" lon="120.99443"><ele>506</ele><time>2023-10-20T01:28:11.000Z</time></trkpt>
<trkpt lat="23.97451" lon="120.99446"><ele>506</ele><time>2023-10-20T01:28:13.000Z</time></trkpt>
<trkpt lat="23.97451" lon="120.99451"><ele>506</ele><time>2023-10-20T01:28:15.000Z</time></trkpt>
<trkpt lat="23.9745" lon="120.99456"><ele>507</ele><time>2023-10-20T01:28:18.000Z</time></trkpt>
<trkpt lat="23.97449" lon="120.9946"><ele>507</ele><time>2023-10-20T01:28:20.000Z</time></trkpt>
<trkpt lat="23.97449" lon="120.99466"><ele>507</ele><time>2023-10-20T01:28:24.000Z</time></trkpt>
<trkpt lat="23.97448" lon="120.99481"><ele>507</ele><time>2023-10-20T01:28:31.000Z</time></trkpt>
<trkpt lat="23.97448" lon="120.99498"><ele>508</ele><time>2023-10-20T01:28:40.000Z</time></trkpt>
<trkpt lat="23.97446" lon="120.99507"><ele>507</ele><time>2023-10-20T01:28:57.000Z</time></trkpt>
<trkpt lat="23.97446" lon="120.99509"><ele>507</ele><time>2023-10-20T01:28:59.000Z</time></trkpt>
<trkpt lat="23.97447" lon="120.9951"><ele>507</ele><time>2023-10-20T01:29:01.000Z</time></trkpt>
<trkpt lat="23.97449" lon="120.99511"><ele>507</ele><time>2023-10-20T01:29:02.000Z</time></trkpt>
<trkpt lat="23.97464" lon="120.99511"><ele>508</ele><time>2023-10-20T01:29:08.000Z</time></trkpt>
<trkpt lat="23.97472" lon="120.99512"><ele>508</ele><time>2023-10-20T01:29:11.000Z</time></trkpt>
<trkpt lat="23.9748" lon="120.99511"><ele>507</ele><time>2023-10-20T01:29:15.000Z</time></trkpt>
<trkpt lat="23.97491" lon="120.99513"><ele>508</ele><time>2023-10-20T01:29:17.000Z</time></trkpt>
<trkpt lat="23.97507" lon="120.99513"><ele>508</ele><time>2023-10-20T01:29:22.000Z</time></trkpt>
<trkpt lat="23.97517" lon="120.99514"><ele>508</ele><time>2023-10-20T01:29:25.000Z</time></trkpt>
<trkpt lat="23.9752" lon="120.99513"><ele>508</ele><time>2023-10-20T01:29:27.000Z</time></trkpt>
<trkpt lat="23.97528" lon="120.99516"><ele>509</ele><time>2023-10-20T01:29:31.000Z</time></trkpt>
<trkpt lat="23.9753" lon="120.99516"><ele>509</ele><time>2023-10-20T01:29:35.000Z</time></trkpt>
<trkpt lat="23.97532" lon="120.99517"><ele>509</ele><time>2023-10-20T01:29:36.000Z</time></trkpt>
<trkpt lat="23.97544" lon="120.99519"><ele>509</ele><time>2023-10-20T01:29:44.000Z</time></trkpt>
<trkpt lat="23.97548" lon="120.99521"><ele>509</ele><time>2023-10-20T01:29:46.000Z</time></trkpt>
<trkpt lat="23.9756" lon="120.99523"><ele>510</ele><time>2023-10-20T01:29:51.000Z</time></trkpt>
<trkpt lat="23.97565" lon="120.99525"><ele>510</ele><time>2023-10-20T01:29:53.000Z</time></trkpt>
<trkpt lat="23.97569" lon="120.99528"><ele>510</ele><time>2023-10-20T01:29:57.000Z</time></trkpt>
<trkpt lat="23.97569" lon="120.9953"><ele>510</ele><time>2023-10-20T01:29:58.000Z</time></trkpt>
<trkpt lat="23.97573" lon="120.99531"><ele>510</ele><time>2023-10-20T01:30:00.000Z</time></trkpt>
<trkpt lat="23.97579" lon="120.99529"><ele>510</ele><time>2023-10-20T01:30:03.000Z</time></trkpt>
<trkpt lat="23.97586" lon="120.99525"><ele>509</ele><time>2023-10-20T01:30:08.000Z</time></trkpt>
<trkpt lat="23.97595" lon="120.99518"><ele>509</ele><time>2023-10-20T01:30:12.000Z</time></trkpt>
<trkpt lat="23.97601" lon="120.99511"><ele>509</ele><time>2023-10-20T01:30:15.000Z</time></trkpt>
<trkpt lat="23.97607" lon="120.99508"><ele>509</ele><time>2023-10-20T01:30:17.000Z</time></trkpt>
<trkpt lat="23.97614" lon="120.9951"><ele>509</ele><time>2023-10-20T01:30:19.000Z</time></trkpt>
<trkpt lat="23.97619" lon="120.99512"><ele>509</ele><time>2023-10-20T01:30:20.000Z</time></trkpt>
<trkpt lat="23.97626" lon="120.99519"><ele>509</ele><time>2023-10-20T01:30:23.000Z</time></trkpt>
<trkpt lat="23.97633" lon="120.99529"><ele>509</ele><time>2023-10-20T01:30:27.000Z</time></trkpt>
<trkpt lat="23.97635" lon="120.99531"><ele>509</ele><time>2023-10-20T01:30:28.000Z</time></trkpt>
<trkpt lat="23.97639" lon="120.99532"><ele>509</ele><time>2023-10-20T01:30:30.000Z</time></trkpt>
<trkpt lat="23.97647" lon="120.99531"><ele>509</ele><time>2023-10-20T01:30:33.000Z</time></trkpt>
<trkpt lat="23.97655" lon="120.99528"><ele>508</ele><time>2023-10-20T01:30:36.000Z</time></trkpt>
<trkpt lat="23.97669" lon="120.99517"><ele>508</ele><time>2023-10-20T01:30:43.000Z</time></trkpt>
<trkpt lat="23.9769" lon="120.99504"><ele>507</ele><time>2023-10-20T01:30:52.000Z</time></trkpt>
<trkpt lat="23.97698" lon="120.99498"><ele>506</ele><time>2023-10-20T01:30:55.000Z</time></trkpt>
<trkpt lat="23.97708" lon="120.99489"><ele>506</ele><time>2023-10-20T01:30:59.000Z</time></trkpt>
<trkpt lat="23.97713" lon="120.99481"><ele>506</ele><time>2023-10-20T01:31:02.000Z</time></trkpt>
<trkpt lat="23.97718" lon="120.99475"><ele>506</ele><time>2023-10-20T01:31:05.000Z</time></trkpt>
<trkpt lat="23.9773" lon="120.99463"><ele>505</ele><time>2023-10-20T01:31:12.000Z</time></trkpt>
<trkpt lat="23.97737" lon="120.9946"><ele>505</ele><time>2023-10-20T01:31:15.000Z</time></trkpt>
<trkpt lat="23.97758" lon="120.99447"><ele>504</ele><time>2023-10-20T01:31:24.000Z</time></trkpt>
<trkpt lat="23.9776" lon="120.99446"><ele>503</ele><time>2023-10-20T01:31:25.000Z</time></trkpt>
<trkpt lat="23.97763" lon="120.99446"><ele>503</ele><time>2023-10-20T01:31:26.000Z</time></trkpt>
<trkpt lat="23.97768" lon="120.9945"><ele>503</ele><time>2023-10-20T01:31:29.000Z</time></trkpt>
<trkpt lat="23.9777" lon="120.99453"><ele>503</ele><time>2023-10-20T01:31:31.000Z</time></trkpt>
<trkpt lat="23.9777" lon="120.99455"><ele>503</ele><time>2023-10-20T01:31:32.000Z</time></trkpt>
<trkpt lat="23.97773" lon="120.9946"><ele>503</ele><time>2023-10-20T01:31:35.000Z</time></trkpt>
<trkpt lat="23.97774" lon="120.99464"><ele>503</ele><time>2023-10-20T01:31:37.000Z</time></trkpt>
<trkpt lat="23.97784" lon="120.99482"><ele>503</ele><time>2023-10-20T01:31:47.000Z</time></trkpt>
<trkpt lat="23.978" lon="120.99505"><ele>503</ele><time>2023-10-20T01:31:57.000Z</time></trkpt>
<trkpt lat="23.97815" lon="120.99531"><ele>503</ele><time>2023-10-20T01:32:12.000Z</time></trkpt>
<trkpt lat="23.97821" lon="120.99544"><ele>503</ele><time>2023-10-20T01:32:20.000Z</time></trkpt>
<trkpt lat="23.97834" lon="120.9956"><ele>503</ele><time>2023-10-20T01:32:28.000Z</time></trkpt>
<trkpt lat="23.9784" lon="120.9957"><ele>503</ele><time>2023-10-20T01:32:33.000Z</time></trkpt>
<trkpt lat="23.9785" lon="120.99582"><ele>503</ele><time>2023-10-20T01:32:42.000Z</time></trkpt>
<trkpt lat="23.97853" lon="120.99583"><ele>503</ele><time>2023-10-20T01:32:45.000Z</time></trkpt>
<trkpt lat="23.97855" lon="120.99583"><ele>503</ele><time>2023-10-20T01:32:46.000Z</time></trkpt>
<trkpt lat="23.97865" lon="120.99581"><ele>503</ele><time>2023-10-20T01:32:50.000Z</time></trkpt>
<trkpt lat="23.97877" lon="120.99577"><ele>502</ele><time>2023-10-20T01:32:59.000Z</time></trkpt>
<trkpt lat="23.9788" lon="120.99577"><ele>502</ele><time>2023-10-20T01:33:00.000Z</time></trkpt>
<trkpt lat="23.97884" lon="120.99578"><ele>501</ele><time>2023-10-20T01:33:02.000Z</time></trkpt>
<trkpt lat="23.97885" lon="120.9958"><ele>501</ele><time>2023-10-20T01:33:03.000Z</time></trkpt>
<trkpt lat="23.97886" lon="120.99588"><ele>501</ele><time>2023-10-20T01:33:07.000Z</time></trkpt>
<trkpt lat="23.9789" lon="120.996"><ele>501</ele><time>2023-10-20T01:33:14.000Z</time></trkpt>
<trkpt lat="23.9789" lon="120.99603"><ele>501</ele><time>2023-10-20T01:33:16.000Z</time></trkpt>
<trkpt lat="23.97889" lon="120.99606"><ele>501</ele><time>2023-10-20T01:33:18.000Z</time></trkpt>
<trkpt lat="23.97888" lon="120.99608"><ele>501</ele><time>2023-10-20T01:33:19.000Z</time></trkpt>
<trkpt lat="23.97883" lon="120.99608"><ele>501</ele><time>2023-10-20T01:33:23.000Z</time></trkpt>
<trkpt lat="23.97879" lon="120.9961"><ele>501</ele><time>2023-10-20T01:33:26.000Z</time></trkpt>
<trkpt lat="23.97873" lon="120.99612"><ele>501</ele><time>2023-10-20T01:33:30.000Z</time></trkpt>
<trkpt lat="23.97867" lon="120.99616"><ele>501</ele><time>2023-10-20T01:33:35.000Z</time></trkpt>
<trkpt lat="23.97867" lon="120.99621"><ele>501</ele><time>2023-10-20T01:33:39.000Z</time></trkpt>
<trkpt lat="23.97872" lon="120.99642"><ele>501</ele><time>2023-10-20T01:33:51.000Z</time></trkpt>
<trkpt lat="23.97876" lon="120.99653"><ele>501</ele><time>2023-10-20T01:34:00.000Z</time></trkpt>
<trkpt lat="23.97877" lon="120.99656"><ele>501</ele><time>2023-10-20T01:34:02.000Z</time></trkpt>
<trkpt lat="23.97879" lon="120.99661"><ele>501</ele><time>2023-10-20T01:34:06.000Z</time></trkpt>
<trkpt lat="23.97877" lon="120.99664"><ele>501</ele><time>2023-10-20T01:34:09.000Z</time></trkpt>
<trkpt lat="23.97872" lon="120.99669"><ele>501</ele><time>2023-10-20T01:34:11.000Z</time></trkpt>
<trkpt lat="23.97857" lon="120.99673"><ele>502</ele><time>2023-10-20T01:34:19.000Z</time></trkpt>
<trkpt lat="23.97854" lon="120.99673"><ele>502</ele><time>2023-10-20T01:34:21.000Z</time></trkpt>
<trkpt lat="23.97852" lon="120.99675"><ele>502</ele><time>2023-10-20T01:34:23.000Z</time></trkpt>
<trkpt lat="23.97838" lon="120.99673"><ele>503</ele><time>2023-10-20T01:34:32.000Z</time></trkpt>
<trkpt lat="23.97834" lon="120.99672"><ele>503</ele><time>2023-10-20T01:34:34.000Z</time></trkpt>
<trkpt lat="23.97834" lon="120.99671"><ele>503</ele><time>2023-10-20T01:34:35.000Z</time></trkpt>
<trkpt lat="23.97833" lon="120.9967"><ele>502</ele><time>2023-10-20T01:34:51.000Z</time></trkpt>
<trkpt lat="23.97822" lon="120.99666"><ele>502</ele><time>2023-10-20T01:34:58.000Z</time></trkpt>
<trkpt lat="23.97821" lon="120.9967"><ele>503</ele><time>2023-10-20T01:35:02.000Z</time></trkpt>
<trkpt lat="23.97819" lon="120.99672"><ele>504</ele><time>2023-10-20T01:35:05.000Z</time></trkpt>
<trkpt lat="23.97817" lon="120.99672"><ele>505</ele><time>2023-10-20T01:35:11.000Z</time></trkpt>
<trkpt lat="23.97812" lon="120.99675"><ele>506</ele><time>2023-10-20T01:35:16.000Z</time></trkpt>
<trkpt lat="23.97808" lon="120.99675"><ele>507</ele><time>2023-10-20T01:35:21.000Z</time></trkpt>
<trkpt lat="23.97804" lon="120.99677"><ele>507</ele><time>2023-10-20T01:35:28.000Z</time></trkpt>
<trkpt lat="23.97794" lon="120.99677"><ele>508</ele><time>2023-10-20T01:35:38.000Z</time></trkpt>
<trkpt lat="23.97782" lon="120.99678"><ele>510</ele><time>2023-10-20T01:35:49.000Z</time></trkpt>
<trkpt lat="23.97776" lon="120.99681"><ele>512</ele><time>2023-10-20T01:35:58.000Z</time></trkpt>
<trkpt lat="23.97778" lon="120.99681"><ele>514</ele><time>2023-10-20T01:36:07.000Z</time></trkpt>
<trkpt lat="23.97778" lon="120.99682"><ele>515</ele><time>2023-10-20T01:36:11.000Z</time></trkpt>
<trkpt lat="23.97777" lon="120.99685"><ele>518</ele><time>2023-10-20T01:36:23.000Z</time></trkpt>
<trkpt lat="23.97776" lon="120.99685"><ele>519</ele><time>2023-10-20T01:36:26.000Z</time></trkpt>
<trkpt lat="23.97777" lon="120.99686"><ele>520</ele><time>2023-10-20T01:36:28.000Z</time></trkpt>
<trkpt lat="23.97778" lon="120.99688"><ele>520</ele><time>2023-10-20T01:36:30.000Z</time></trkpt>
<trkpt lat="23.97781" lon="120.99687"><ele>521</ele><time>2023-10-20T01:36:38.000Z</time></trkpt>
<trkpt lat="23.97781" lon="120.99688"><ele>522</ele><time>2023-10-20T01:36:39.000Z</time></trkpt>
<trkpt lat="23.9778" lon="120.99691"><ele>523</ele><time>2023-10-20T01:36:44.000Z</time></trkpt>
<trkpt lat="23.97779" lon="120.99691"><ele>523</ele><time>2023-10-20T01:36:45.000Z</time></trkpt>
<trkpt lat="23.97779" lon="120.99693"><ele>524</ele><time>2023-10-20T01:36:47.000Z</time></trkpt>
<trkpt lat="23.9778" lon="120.99698"><ele>528</ele><time>2023-10-20T01:37:05.000Z</time></trkpt>
<trkpt lat="23.9778" lon="120.99703"><ele>535</ele><time>2023-10-20T01:37:30.000Z</time></trkpt>
<trkpt lat="23.97778" lon="120.99705"><ele>536</ele><time>2023-10-20T01:37:34.000Z</time></trkpt>
<trkpt lat="23.97778" lon="120.99708"><ele>537</ele><time>2023-10-20T01:37:38.000Z</time></trkpt>
<trkpt lat="23.97776" lon="120.99711"><ele>539</ele><time>2023-10-20T01:37:44.000Z</time></trkpt>
<trkpt lat="23.97777" lon="120.99712"><ele>539</ele><time>2023-10-20T01:37:47.000Z</time></trkpt>
<trkpt lat="23.97777" lon="120.99711"><ele>540</ele><time>2023-10-20T01:37:49.000Z</time></trkpt>
<trkpt lat="23.97779" lon="120.99712"><ele>541</ele><time>2023-10-20T01:37:53.000Z</time></trkpt>
<trkpt lat="23.97785" lon="120.9971"><ele>543</ele><time>2023-10-20T01:38:09.000Z</time></trkpt>
<trkpt lat="23.97793" lon="120.99714"><ele>545</ele><time>2023-10-20T01:38:18.000Z</time></trkpt>
<trkpt lat="23.97797" lon="120.99716"><ele>546</ele><time>2023-10-20T01:38:22.000Z</time></trkpt>
<trkpt lat="23.97802" lon="120.99724"><ele>550</ele><time>2023-10-20T01:38:36.000Z</time></trkpt>
<trkpt lat="23.97803" lon="120.99726"><ele>550</ele><time>2023-10-20T01:38:40.000Z</time></trkpt>
<trkpt lat="23.97807" lon="120.99727"><ele>551</ele><time>2023-10-20T01:38:46.000Z</time></trkpt>
<trkpt lat="23.97811" lon="120.99729"><ele>552</ele><time>2023-10-20T01:38:51.000Z</time></trkpt>
<trkpt lat="23.97813" lon="120.99732"><ele>553</ele><time>2023-10-20T01:38:53.000Z</time></trkpt>
<trkpt lat="23.97818" lon="120.99736"><ele>555</ele><time>2023-10-20T01:39:00.000Z</time></trkpt>
<trkpt lat="23.97826" lon="120.99741"><ele>558</ele><time>2023-10-20T01:39:11.000Z</time></trkpt>
<trkpt lat="23.97831" lon="120.99743"><ele>560</ele><time>2023-10-20T01:39:19.000Z</time></trkpt>
<trkpt lat="23.97834" lon="120.99746"><ele>560</ele><time>2023-10-20T01:39:24.000Z</time></trkpt>
<trkpt lat="23.97835" lon="120.99745"><ele>561</ele><time>2023-10-20T01:39:25.000Z</time></trkpt>
<trkpt lat="23.97841" lon="120.9975"><ele>562</ele><time>2023-10-20T01:39:32.000Z</time></trkpt>
<trkpt lat="23.97842" lon="120.99753"><ele>562</ele><time>2023-10-20T01:39:36.000Z</time></trkpt>
<trkpt lat="23.97842" lon="120.99756"><ele>563</ele><time>2023-10-20T01:39:39.000Z</time></trkpt>
<trkpt lat="23.97841" lon="120.99757"><ele>563</ele><time>2023-10-20T01:39:41.000Z</time></trkpt>
<trkpt lat="23.97841" lon="120.99759"><ele>564</ele><time>2023-10-20T01:39:43.000Z</time></trkpt>
<trkpt lat="23.97836" lon="120.99758"><ele>565</ele><time>2023-10-20T01:39:58.000Z</time></trkpt>
<trkpt lat="23.97825" lon="120.99762"><ele>568</ele><time>2023-10-20T01:40:19.000Z</time></trkpt>
<trkpt lat="23.97814" lon="120.99769"><ele>572</ele><time>2023-10-20T01:40:31.000Z</time></trkpt>
<trkpt lat="23.97811" lon="120.99769"><ele>575</ele><time>2023-10-20T01:40:42.000Z</time></trkpt>
<trkpt lat="23.97807" lon="120.99771"><ele>575</ele><time>2023-10-20T01:40:47.000Z</time></trkpt>
<trkpt lat="23.97803" lon="120.99776"><ele>579</ele><time>2023-10-20T01:40:54.000Z</time></trkpt>
<trkpt lat="23.978" lon="120.99778"><ele>580</ele><time>2023-10-20T01:40:57.000Z</time></trkpt>
<trkpt lat="23.97791" lon="120.99779"><ele>581</ele><time>2023-10-20T01:41:10.000Z</time></trkpt>
<trkpt lat="23.97787" lon="120.99781"><ele>583</ele><time>2023-10-20T01:41:19.000Z</time></trkpt>
<trkpt lat="23.97786" lon="120.9978"><ele>583</ele><time>2023-10-20T01:41:27.000Z</time></trkpt>
<trkpt lat="23.97781" lon="120.99782"><ele>584</ele><time>2023-10-20T01:41:35.000Z</time></trkpt>
<trkpt lat="23.97776" lon="120.99782"><ele>585</ele><time>2023-10-20T01:41:39.000Z</time></trkpt>
<trkpt lat="23.97767" lon="120.99786"><ele>587</ele><time>2023-10-20T01:41:52.000Z</time></trkpt>
<trkpt lat="23.97755" lon="120.99786"><ele>589</ele><time>2023-10-20T01:42:02.000Z</time></trkpt>
<trkpt lat="23.97752" lon="120.99787"><ele>590</ele><time>2023-10-20T01:42:05.000Z</time></trkpt>
<trkpt lat="23.97748" lon="120.99789"><ele>591</ele><time>2023-10-20T01:42:09.000Z</time></trkpt>
<trkpt lat="23.97749" lon="120.99796"><ele>594</ele><time>2023-10-20T01:42:21.000Z</time></trkpt>
<trkpt lat="23.97748" lon="120.99803"><ele>595</ele><time>2023-10-20T01:42:28.000Z</time></trkpt>
<trkpt lat="23.97748" lon="120.99814"><ele>598</ele><time>2023-10-20T01:42:37.000Z</time></trkpt>
<trkpt lat="23.97746" lon="120.99825"><ele>601</ele><time>2023-10-20T01:42:50.000Z</time></trkpt>
<trkpt lat="23.97746" lon="120.9983"><ele>600</ele><time>2023-10-20T01:43:11.000Z</time></trkpt>
<trkpt lat="23.97747" lon="120.99831"><ele>600</ele><time>2023-10-20T01:43:14.000Z</time></trkpt>
<trkpt lat="23.97746" lon="120.99838"><ele>601</ele><time>2023-10-20T01:43:18.000Z</time></trkpt>
<trkpt lat="23.97746" lon="120.99842"><ele>601</ele><time>2023-10-20T01:43:21.000Z</time></trkpt>
<trkpt lat="23.97745" lon="120.99846"><ele>601</ele><time>2023-10-20T01:43:24.000Z</time></trkpt>
<trkpt lat="23.97741" lon="120.99857"><ele>601</ele><time>2023-10-20T01:43:38.000Z</time></trkpt>
<trkpt lat="23.97737" lon="120.99865"><ele>601</ele><time>2023-10-20T01:43:43.000Z</time></trkpt>
<trkpt lat="23.97733" lon="120.99873"><ele>601</ele><time>2023-10-20T01:43:48.000Z</time></trkpt>
<trkpt lat="23.97734" lon="120.99876"><ele>601</ele><time>2023-10-20T01:43:50.000Z</time></trkpt>
<trkpt lat="23.97734" lon="120.99885"><ele>602</ele><time>2023-10-20T01:43:55.000Z</time></trkpt>
<trkpt lat="23.97731" lon="120.99893"><ele>604</ele><time>2023-10-20T01:44:07.000Z</time></trkpt>
<trkpt lat="23.97733" lon="120.99903"><ele>608</ele><time>2023-10-20T01:44:34.000Z</time></trkpt>
<trkpt lat="23.97732" lon="120.99907"><ele>609</ele><time>2023-10-20T01:44:45.000Z</time></trkpt>
<trkpt lat="23.97731" lon="120.99909"><ele>609</ele><time>2023-10-20T01:44:56.000Z</time></trkpt>
<trkpt lat="23.97731" lon="120.99913"><ele>611</ele><time>2023-10-20T01:45:09.000Z</time></trkpt>
<trkpt lat="23.9773" lon="120.9992"><ele>614</ele><time>2023-10-20T01:45:17.000Z</time></trkpt>
<trkpt lat="23.97732" lon="120.99924"><ele>616</ele><time>2023-10-20T01:45:29.000Z</time></trkpt>
<trkpt lat="23.97733" lon="120.99929"><ele>617</ele><time>2023-10-20T01:45:33.000Z</time></trkpt>
<trkpt lat="23.97733" lon="120.99937"><ele>619</ele><time>2023-10-20T01:45:45.000Z</time></trkpt>
<trkpt lat="23.97732" lon="120.99947"><ele>620</ele><time>2023-10-20T01:45:50.000Z</time></trkpt>
<trkpt lat="23.97735" lon="120.99961"><ele>622</ele><time>2023-10-20T01:46:01.000Z</time></trkpt>
<trkpt lat="23.97735" lon="120.99962"><ele>623</ele><time>2023-10-20T01:46:04.000Z</time></trkpt>
<trkpt lat="23.97735" lon="120.99964"><ele>624</ele><time>2023-10-20T01:46:10.000Z</time></trkpt>
<trkpt lat="23.97736" lon="120.99973"><ele>625</ele><time>2023-10-20T01:46:17.000Z</time></trkpt>
<trkpt lat="23.97734" lon="120.99978"><ele>626</ele><time>2023-10-20T01:46:20.000Z</time></trkpt>
<trkpt lat="23.97732" lon="120.99981"><ele>626</ele><time>2023-10-20T01:46:23.000Z</time></trkpt>
<trkpt lat="23.97731" lon="120.99986"><ele>627</ele><time>2023-10-20T01:46:26.000Z</time></trkpt>
<trkpt lat="23.97728" lon="120.99993"><ele>627</ele><time>2023-10-20T01:46:31.000Z</time></trkpt>
<trkpt lat="23.97728" lon="120.99998"><ele>627</ele><time>2023-10-20T01:46:34.000Z</time></trkpt>
<trkpt lat="23.97725" lon="121.00003"><ele>627</ele><time>2023-10-20T01:46:38.000Z</time></trkpt>
<trkpt lat="23.97725" lon="121.00003"><time>2023-10-20T01:46:48.000Z</time></trkpt>
<trkpt lat="23.97724" lon="121.00005"><ele>627</ele><time>2023-10-20T01:46:40.000Z</time></trkpt>
<trkpt lat="23.97723" lon="121.00008"><ele>627</ele><time>2023-10-20T01:46:42.000Z</time></trkpt>
<trkpt lat="23.9772" lon="121.00013"><ele>627</ele><time>2023-10-20T01:46:47.000Z</time></trkpt>
<trkpt lat="23.9772" lon="121.00014"><ele>627</ele><time>2023-10-20T01:46:51.000Z</time></trkpt>
<trkpt lat="23.97717" lon="121.00018"><ele>627</ele><time>2023-10-20T01:46:55.000Z</time></trkpt>
<trkpt lat="23.97717" lon="121.00024"><ele>626</ele><time>2023-10-20T01:46:59.000Z</time></trkpt>
<trkpt lat="23.97718" lon="121.00033"><ele>626</ele><time>2023-10-20T01:47:08.000Z</time></trkpt>
<trkpt lat="23.97717" lon="121.0004"><ele>626</ele><time>2023-10-20T01:47:12.000Z</time></trkpt>
<trkpt lat="23.97715" lon="121.00046"><ele>627</ele><time>2023-10-20T01:47:15.000Z</time></trkpt>
<trkpt lat="23.97712" lon="121.0005"><ele>627</ele><time>2023-10-20T01:47:21.000Z</time></trkpt>
<trkpt lat="23.9771" lon="121.00058"><ele>628</ele><time>2023-10-20T01:47:28.000Z</time></trkpt>
<trkpt lat="23.97709" lon="121.00067"><ele>629</ele><time>2023-10-20T01:47:35.000Z</time></trkpt>
<trkpt lat="23.97707" lon="121.00075"><ele>632</ele><time>2023-10-20T01:47:43.000Z</time></trkpt>
<trkpt lat="23.97701" lon="121.00091"><ele>635</ele><time>2023-10-20T01:47:56.000Z</time></trkpt>
<trkpt lat="23.97695" lon="121.00102"><ele>637</ele><time>2023-10-20T01:48:05.000Z</time></trkpt>
<trkpt lat="23.97692" lon="121.00103"><ele>638</ele><time>2023-10-20T01:48:16.000Z</time></trkpt>
<trkpt lat="23.9769" lon="121.00105"><ele>638</ele><time>2023-10-20T01:48:18.000Z</time></trkpt>
<trkpt lat="23.97684" lon="121.00116"><ele>639</ele><time>2023-10-20T01:48:26.000Z</time></trkpt>
<trkpt lat="23.97681" lon="121.00126"><ele>641</ele><time>2023-10-20T01:48:35.000Z</time></trkpt>
<trkpt lat="23.97674" lon="121.00134"><ele>643</ele><time>2023-10-20T01:48:44.000Z</time></trkpt>
<trkpt lat="23.97672" lon="121.00136"><ele>644</ele><time>2023-10-20T01:48:45.000Z</time></trkpt>
<trkpt lat="23.97669" lon="121.00137"><ele>644</ele><time>2023-10-20T01:48:48.000Z</time></trkpt>
<trkpt lat="23.97657" lon="121.00137"><ele>646</ele><time>2023-10-20T01:49:13.000Z</time></trkpt>
<trkpt lat="23.97652" lon="121.00138"><ele>646</ele><time>2023-10-20T01:49:16.000Z</time></trkpt>
<trkpt lat="23.97639" lon="121.00144"><ele>647</ele><time>2023-10-20T01:49:25.000Z</time></trkpt>
<trkpt lat="23.9763" lon="121.00151"><ele>648</ele><time>2023-10-20T01:49:35.000Z</time></trkpt>
<trkpt lat="23.9763" lon="121.00152"><ele>649</ele><time>2023-10-20T01:49:37.000Z</time></trkpt>
<trkpt lat="23.97627" lon="121.00155"><ele>648</ele><time>2023-10-20T01:49:51.000Z</time></trkpt>
<trkpt lat="23.97612" lon="121.00174"><ele>649</ele><time>2023-10-20T01:50:07.000Z</time></trkpt>
<trkpt lat="23.97609" lon="121.00178"><ele>649</ele><time>2023-10-20T01:50:11.000Z</time></trkpt>
<trkpt lat="23.97605" lon="121.00181"><ele>649</ele><time>2023-10-20T01:50:14.000Z</time></trkpt>
<trkpt lat="23.97597" lon="121.00192"><ele>651</ele><time>2023-10-20T01:50:24.000Z</time></trkpt>
<trkpt lat="23.97594" lon="121.00194"><ele>651</ele><time>2023-10-20T01:50:26.000Z</time></trkpt>
<trkpt lat="23.97592" lon="121.00198"><ele>652</ele><time>2023-10-20T01:50:31.000Z</time></trkpt>
<trkpt lat="23.97592" lon="121.002"><ele>653</ele><time>2023-10-20T01:50:33.000Z</time></trkpt>
<trkpt lat="23.9759" lon="121.002"><ele>654</ele><time>2023-10-20T01:50:39.000Z</time></trkpt>
<trkpt lat="23.97586" lon="121.00205"><ele>654</ele><time>2023-10-20T01:50:44.000Z</time></trkpt>
<trkpt lat="23.97581" lon="121.00214"><ele>656</ele><time>2023-10-20T01:50:52.000Z</time></trkpt>
<trkpt lat="23.97576" lon="121.00228"><ele>659</ele><time>2023-10-20T01:51:04.000Z</time></trkpt>
<trkpt lat="23.9757" lon="121.0024"><ele>662</ele><time>2023-10-20T01:51:14.000Z</time></trkpt>
<trkpt lat="23.97569" lon="121.00247"><ele>663</ele><time>2023-10-20T01:51:19.000Z</time></trkpt>
<trkpt lat="23.97568" lon="121.00253"><ele>664</ele><time>2023-10-20T01:51:24.000Z</time></trkpt>
<trkpt lat="23.97569" lon="121.00253"><ele>664</ele><time>2023-10-20T01:51:28.000Z</time></trkpt>
<trkpt lat="23.97569" lon="121.00254"><ele>664</ele><time>2023-10-20T01:51:29.000Z</time></trkpt>
<trkpt lat="23.97568" lon="121.00254"><ele>664</ele><time>2023-10-20T01:51:30.000Z</time></trkpt>
<trkpt lat="23.97567" lon="121.00268"><ele>665</ele><time>2023-10-20T01:51:38.000Z</time></trkpt>
<trkpt lat="23.97566" lon="121.00275"><ele>665</ele><time>2023-10-20T01:51:42.000Z</time></trkpt>
<trkpt lat="23.97562" lon="121.00279"><ele>665</ele><time>2023-10-20T01:51:54.000Z</time></trkpt>
<trkpt lat="23.97561" lon="121.00284"><ele>665</ele><time>2023-10-20T01:51:57.000Z</time></trkpt>
<trkpt lat="23.9756" lon="121.00293"><ele>665</ele><time>2023-10-20T01:52:02.000Z</time></trkpt>
<trkpt lat="23.97554" lon="121.00305"><ele>665</ele><time>2023-10-20T01:52:10.000Z</time></trkpt>
<trkpt lat="23.9755" lon="121.00334"><ele>668</ele><time>2023-10-20T01:52:30.000Z</time></trkpt>
<trkpt lat="23.97548" lon="121.00341"><ele>670</ele><time>2023-10-20T01:52:37.000Z</time></trkpt>
<trkpt lat="23.97546" lon="121.00345"><ele>671</ele><time>2023-10-20T01:52:41.000Z</time></trkpt>
<trkpt lat="23.97543" lon="121.00353"><ele>672</ele><time>2023-10-20T01:52:48.000Z</time></trkpt>
<trkpt lat="23.97541" lon="121.00356"><ele>673</ele><time>2023-10-20T01:52:52.000Z</time></trkpt>
<trkpt lat="23.97542" lon="121.00356"><ele>673</ele><time>2023-10-20T01:52:54.000Z</time></trkpt>
<trkpt lat="23.97539" lon="121.00361"><ele>674</ele><time>2023-10-20T01:52:58.000Z</time></trkpt>
<trkpt lat="23.97531" lon="121.00369"><ele>675</ele><time>2023-10-20T01:53:14.000Z</time></trkpt>
<trkpt lat="23.97529" lon="121.00372"><ele>676</ele><time>2023-10-20T01:53:18.000Z</time></trkpt>
<trkpt lat="23.97525" lon="121.00376"><ele>677</ele><time>2023-10-20T01:53:23.000Z</time></trkpt>
<trkpt lat="23.97519" lon="121.00378"><ele>679</ele><time>2023-10-20T01:53:29.000Z</time></trkpt>
<trkpt lat="23.97507" lon="121.00388"><ele>683</ele><time>2023-10-20T01:53:42.000Z</time></trkpt>
<trkpt lat="23.97502" lon="121.00389"><ele>684</ele><time>2023-10-20T01:53:47.000Z</time></trkpt>
<trkpt lat="23.97499" lon="121.00389"><ele>685</ele><time>2023-10-20T01:53:53.000Z</time></trkpt>
<trkpt lat="23.97494" lon="121.00391"><ele>686</ele><time>2023-10-20T01:53:58.000Z</time></trkpt>
<trkpt lat="23.97486" lon="121.00398"><ele>688</ele><time>2023-10-20T01:54:08.000Z</time></trkpt>
<trkpt lat="23.97486" lon="121.004"><ele>689</ele><time>2023-10-20T01:54:10.000Z</time></trkpt>
<trkpt lat="23.97488" lon="121.00406"><ele>691</ele><time>2023-10-20T01:54:17.000Z</time></trkpt>
<trkpt lat="23.97486" lon="121.0041"><ele>692</ele><time>2023-10-20T01:54:27.000Z</time></trkpt>
<trkpt lat="23.97485" lon="121.00421"><ele>694</ele><time>2023-10-20T01:54:38.000Z</time></trkpt>
<trkpt lat="23.97485" lon="121.00431"><ele>695</ele><time>2023-10-20T01:54:47.000Z</time></trkpt>
<trkpt lat="23.97486" lon="121.00439"><ele>697</ele><time>2023-10-20T01:54:55.000Z</time></trkpt>
<trkpt lat="23.97486" lon="121.00445"><ele>699</ele><time>2023-10-20T01:55:02.000Z</time></trkpt>
<trkpt lat="23.97486" lon="121.00447"><ele>700</ele><time>2023-10-20T01:55:04.000Z</time></trkpt>
<trkpt lat="23.97485" lon="121.00448"><ele>700</ele><time>2023-10-20T01:55:05.000Z</time></trkpt>
<trkpt lat="23.97486" lon="121.0045"><ele>702</ele><time>2023-10-20T01:55:17.000Z</time></trkpt>
<trkpt lat="23.97485" lon="121.00455"><ele>702</ele><time>2023-10-20T01:55:22.000Z</time></trkpt>
<trkpt lat="23.97485" lon="121.00456"><ele>703</ele><time>2023-10-20T01:55:37.000Z</time></trkpt>
<trkpt lat="23.97484" lon="121.0046"><ele>703</ele><time>2023-10-20T01:55:41.000Z</time></trkpt>
<trkpt lat="23.97484" lon="121.00466"><ele>706</ele><time>2023-10-20T01:55:49.000Z</time></trkpt>
<trkpt lat="23.97485" lon="121.0047"><ele>707</ele><time>2023-10-20T01:55:55.000Z</time></trkpt>
<trkpt lat="23.97485" lon="121.00471"><ele>707</ele><time>2023-10-20T01:55:56.000Z</time></trkpt>
<trkpt lat="23.97483" lon="121.00472"><ele>708</ele><time>2023-10-20T01:55:59.000Z</time></trkpt>
<trkpt lat="23.97483" lon="121.00478"><ele>710</ele><time>2023-10-20T01:56:06.000Z</time></trkpt>
<trkpt lat="23.97479" lon="121.00481"><ele>711</ele><time>2023-10-20T01:56:11.000Z</time></trkpt>
<trkpt lat="23.97481" lon="121.00482"><ele>713</ele><time>2023-10-20T01:56:18.000Z</time></trkpt>
<trkpt lat="23.97481" lon="121.00484"><ele>713</ele><time>2023-10-20T01:56:19.000Z</time></trkpt>
<trkpt lat="23.97482" lon="121.00485"><ele>713</ele><time>2023-10-20T01:56:26.000Z</time></trkpt>
<trkpt lat="23.97485" lon="121.00493"><ele>716</ele><time>2023-10-20T01:56:36.000Z</time></trkpt>
<trkpt lat="23.97483" lon="121.00496"><ele>717</ele><time>2023-10-20T01:56:40.000Z</time></trkpt>
<trkpt lat="23.97482" lon="121.00499"><ele>719</ele><time>2023-10-20T01:56:44.000Z</time></trkpt>
<trkpt lat="23.97477" lon="121.00503"><ele>721</ele><time>2023-10-20T01:56:53.000Z</time></trkpt>
<trkpt lat="23.97475" lon="121.00508"><ele>723</ele><time>2023-10-20T01:56:58.000Z</time></trkpt>
<trkpt lat="23.97471" lon="121.00513"><ele>725</ele><time>2023-10-20T01:57:08.000Z</time></trkpt>
<trkpt lat="23.97469" lon="121.00514"><ele>727</ele><time>2023-10-20T01:57:20.000Z</time></trkpt>
<trkpt lat="23.97468" lon="121.00517"><ele>727</ele><time>2023-10-20T01:57:24.000Z</time></trkpt>
<trkpt lat="23.97465" lon="121.00524"><ele>729</ele><time>2023-10-20T01:57:32.000Z</time></trkpt>
<trkpt lat="23.97462" lon="121.0053"><ele>731</ele><time>2023-10-20T01:57:42.000Z</time></trkpt>
<trkpt lat="23.9746" lon="121.00531"><ele>732</ele><time>2023-10-20T01:57:49.000Z</time></trkpt>
<trkpt lat="23.97459" lon="121.00533"><ele>732</ele><time>2023-10-20T01:57:52.000Z</time></trkpt>
<trkpt lat="23.97456" lon="121.00538"><ele>734</ele><time>2023-10-20T01:57:58.000Z</time></trkpt>
<trkpt lat="23.97452" lon="121.00546"><ele>739</ele><time>2023-10-20T01:58:12.000Z</time></trkpt>
<trkpt lat="23.97448" lon="121.00553"><ele>742</ele><time>2023-10-20T01:58:25.000Z</time></trkpt>
<trkpt lat="23.97446" lon="121.00558"><ele>744</ele><time>2023-10-20T01:58:33.000Z</time></trkpt>
<trkpt lat="23.97444" lon="121.00559"><ele>745</ele><time>2023-10-20T01:58:37.000Z</time></trkpt>
<trkpt lat="23.97443" lon="121.00561"><ele>746</ele><time>2023-10-20T01:58:41.000Z</time></trkpt>
<trkpt lat="23.97442" lon="121.00562"><ele>747</ele><time>2023-10-20T01:58:44.000Z</time></trkpt>
<trkpt lat="23.97442" lon="121.00564"><ele>748</ele><time>2023-10-20T01:58:47.000Z</time></trkpt>
<trkpt lat="23.9744" lon="121.00567"><ele>749</ele><time>2023-10-20T01:58:52.000Z</time></trkpt>
<trkpt lat="23.97438" lon="121.00569"><ele>750</ele><time>2023-10-20T01:58:57.000Z</time></trkpt>
<trkpt lat="23.97434" lon="121.00578"><ele>753</ele><time>2023-10-20T01:59:11.000Z</time></trkpt>
<trkpt lat="23.97433" lon="121.00578"><ele>754</ele><time>2023-10-20T01:59:14.000Z</time></trkpt>
<trkpt lat="23.97427" lon="121.00589"><ele>759</ele><time>2023-10-20T01:59:39.000Z</time></trkpt>
<trkpt lat="23.97425" lon="121.00591"><ele>760</ele><time>2023-10-20T01:59:42.000Z</time></trkpt>
<trkpt lat="23.97418" lon="121.00598"><ele>764</ele><time>2023-10-20T01:59:55.000Z</time></trkpt>
<trkpt lat="23.97418" lon="121.00599"><ele>764</ele><time>2023-10-20T01:59:57.000Z</time></trkpt>
<trkpt lat="23.97416" lon="121.00603"><ele>766</ele><time>2023-10-20T02:00:02.000Z</time></trkpt>
<trkpt lat="23.97415" lon="121.00606"><ele>767</ele><time>2023-10-20T02:00:06.000Z</time></trkpt>
<trkpt lat="23.97415" lon="121.00608"><ele>768</ele><time>2023-10-20T02:00:14.000Z</time></trkpt>
<trkpt lat="23.97415" lon="121.00612"><ele>768</ele><time>2023-10-20T02:00:18.000Z</time></trkpt>
<trkpt lat="23.97415" lon="121.00616"><ele>768</ele><time>2023-10-20T02:00:21.000Z</time></trkpt>
<trkpt lat="23.97415" lon="121.00618"><ele>769</ele><time>2023-10-20T02:00:24.000Z</time></trkpt>
<trkpt lat="23.97411" lon="121.00621"><ele>771</ele><time>2023-10-20T02:00:28.000Z</time></trkpt>
<trkpt lat="23.97409" lon="121.00628"><ele>772</ele><time>2023-10-20T02:00:36.000Z</time></trkpt>
<trkpt lat="23.97409" lon="121.00631"><ele>773</ele><time>2023-10-20T02:00:39.000Z</time></trkpt>
<trkpt lat="23.97409" lon="121.00633"><ele>774</ele><time>2023-10-20T02:00:42.000Z</time></trkpt>
<trkpt lat="23.97408" lon="121.00636"><ele>775</ele><time>2023-10-20T02:00:46.000Z</time></trkpt>
<trkpt lat="23.97406" lon="121.00639"><ele>776</ele><time>2023-10-20T02:00:49.000Z</time></trkpt>
<trkpt lat="23.97405" lon="121.00639"><ele>777</ele><time>2023-10-20T02:00:55.000Z</time></trkpt>
<trkpt lat="23.97404" lon="121.00643"><ele>778</ele><time>2023-10-20T02:00:59.000Z</time></trkpt>
<trkpt lat="23.97393" lon="121.00661"><ele>783</ele><time>2023-10-20T02:01:19.000Z</time></trkpt>
<trkpt lat="23.97392" lon="121.00663"><ele>784</ele><time>2023-10-20T02:01:27.000Z</time></trkpt>
<trkpt lat="23.97388" lon="121.00671"><ele>786</ele><time>2023-10-20T02:01:34.000Z</time></trkpt>
<trkpt lat="23.97386" lon="121.00674"><ele>786</ele><time>2023-10-20T02:01:37.000Z</time></trkpt>
<trkpt lat="23.97385" lon="121.00674"><ele>787</ele><time>2023-10-20T02:01:43.000Z</time></trkpt>
<trkpt lat="23.97383" lon="121.00683"><ele>788</ele><time>2023-10-20T02:01:53.000Z</time></trkpt>
<trkpt lat="23.9738" lon="121.00687"><ele>788</ele><time>2023-10-20T02:01:58.000Z</time></trkpt>
<trkpt lat="23.97377" lon="121.00697"><ele>790</ele><time>2023-10-20T02:02:11.000Z</time></trkpt>
<trkpt lat="23.97377" lon="121.00699"><ele>791</ele><time>2023-10-20T02:02:13.000Z</time></trkpt>
<trkpt lat="23.97376" lon="121.00702"><ele>791</ele><time>2023-10-20T02:02:16.000Z</time></trkpt>
<trkpt lat="23.97376" lon="121.00709"><ele>792</ele><time>2023-10-20T02:02:21.000Z</time></trkpt>
<trkpt lat="23.97376" lon="121.00715"><ele>794</ele><time>2023-10-20T02:02:27.000Z</time></trkpt>
<trkpt lat="23.97373" lon="121.00722"><ele>796</ele><time>2023-10-20T02:02:33.000Z</time></trkpt>
<trkpt lat="23.97371" lon="121.00725"><ele>797</ele><time>2023-10-20T02:02:37.000Z</time></trkpt>
<trkpt lat="23.97371" lon="121.00728"><ele>797</ele><time>2023-10-20T02:02:39.000Z</time></trkpt>
<trkpt lat="23.97367" lon="121.00731"><ele>799</ele><time>2023-10-20T02:02:45.000Z</time></trkpt>
<trkpt lat="23.97367" lon="121.00733"><ele>800</ele><time>2023-10-20T02:02:48.000Z</time></trkpt>
<trkpt lat="23.97366" lon="121.00733"><ele>801</ele><time>2023-10-20T02:02:51.000Z</time></trkpt>
<trkpt lat="23.97365" lon="121.00733"><ele>801</ele><time>2023-10-20T02:02:53.000Z</time></trkpt>
<trkpt lat="23.97364" lon="121.00739"><ele>804</ele><time>2023-10-20T02:04:24.000Z</time></trkpt>
<trkpt lat="23.97364" lon="121.00742"><ele>805</ele><time>2023-10-20T02:04:26.000Z</time></trkpt>
<trkpt lat="23.97363" lon="121.00744"><ele>806</ele><time>2023-10-20T02:04:28.000Z</time></trkpt>
<trkpt lat="23.97359" lon="121.00756"><ele>808</ele><time>2023-10-20T02:04:41.000Z</time></trkpt>
<trkpt lat="23.97356" lon="121.00761"><ele>810</ele><time>2023-10-20T02:04:47.000Z</time></trkpt>
<trkpt lat="23.97355" lon="121.00764"><ele>811</ele><time>2023-10-20T02:04:51.000Z</time></trkpt>
<trkpt lat="23.97355" lon="121.0077"><ele>812</ele><time>2023-10-20T02:04:56.000Z</time></trkpt>
<trkpt lat="23.97356" lon="121.00787"><ele>815</ele><time>2023-10-20T02:05:11.000Z</time></trkpt>
<trkpt lat="23.97355" lon="121.00798"><ele>817</ele><time>2023-10-20T02:05:23.000Z</time></trkpt>
<trkpt lat="23.97352" lon="121.0081"><ele>819</ele><time>2023-10-20T02:05:33.000Z</time></trkpt>
<trkpt lat="23.97351" lon="121.00813"><ele>820</ele><time>2023-10-20T02:05:35.000Z</time></trkpt>
<trkpt lat="23.9735" lon="121.00813"><ele>820</ele><time>2023-10-20T02:05:47.000Z</time></trkpt>
<trkpt lat="23.97349" lon="121.00818"><ele>820</ele><time>2023-10-20T02:05:51.000Z</time></trkpt>
<trkpt lat="23.9735" lon="121.0082"><ele>820</ele><time>2023-10-20T02:05:53.000Z</time></trkpt>
<trkpt lat="23.97343" lon="121.00826"><ele>821</ele><time>2023-10-20T02:06:17.000Z</time></trkpt>
<trkpt lat="23.97329" lon="121.00863"><ele>823</ele><time>2023-10-20T02:06:48.000Z</time></trkpt>
<trkpt lat="23.97323" lon="121.00888"><ele>821</ele><time>2023-10-20T02:07:03.000Z</time></trkpt>
<trkpt lat="23.97321" lon="121.00902"><ele>820</ele><time>2023-10-20T02:07:11.000Z</time></trkpt>
<trkpt lat="23.97323" lon="121.00909"><ele>821</ele><time>2023-10-20T02:07:15.000Z</time></trkpt>
<trkpt lat="23.97326" lon="121.00916"><ele>820</ele><time>2023-10-20T02:07:20.000Z</time></trkpt>
<trkpt lat="23.97327" lon="121.00921"><ele>819</ele><time>2023-10-20T02:07:28.000Z</time></trkpt>
<trkpt lat="23.97331" lon="121.00929"><ele>818</ele><time>2023-10-20T02:07:34.000Z</time></trkpt>
<trkpt lat="23.97335" lon="121.00933"><ele>818</ele><time>2023-10-20T02:07:37.000Z</time></trkpt>
<trkpt lat="23.97336" lon="121.00936"><ele>818</ele><time>2023-10-20T02:07:39.000Z</time></trkpt>
<trkpt lat="23.97337" lon="121.00939"><ele>817</ele><time>2023-10-20T02:07:45.000Z</time></trkpt>
<trkpt lat="23.97338" lon="121.00939"><ele>817</ele><time>2023-10-20T02:07:46.000Z</time></trkpt>
<trkpt lat="23.97339" lon="121.00941"><ele>817</ele><time>2023-10-20T02:07:48.000Z</time></trkpt>
<trkpt lat="23.97347" lon="121.00967"><ele>818</ele><time>2023-10-20T02:08:02.000Z</time></trkpt>
<trkpt lat="23.97347" lon="121.00974"><ele>818</ele><time>2023-10-20T02:08:06.000Z</time></trkpt>
<trkpt lat="23.97348" lon="121.00982"><ele>817</ele><time>2023-10-20T02:08:11.000Z</time></trkpt>
<trkpt lat="23.97349" lon="121.0099"><ele>816</ele><time>2023-10-20T02:08:15.000Z</time></trkpt>
<trkpt lat="23.97348" lon="121.00991"><ele>816</ele><time>2023-10-20T02:08:16.000Z</time></trkpt>
<trkpt lat="23.97347" lon="121.00991"><ele>814</ele><time>2023-10-20T02:08:21.000Z</time></trkpt>
<trkpt lat="23.97346" lon="121.00994"><ele>814</ele><time>2023-10-20T02:08:29.000Z</time></trkpt>
<trkpt lat="23.97348" lon="121.01011"><ele>813</ele><time>2023-10-20T02:08:38.000Z</time></trkpt>
<trkpt lat="23.97351" lon="121.01019"><ele>812</ele><time>2023-10-20T02:08:43.000Z</time></trkpt>
<trkpt lat="23.97352" lon="121.01026"><ele>811</ele><time>2023-10-20T02:08:48.000Z</time></trkpt>
<trkpt lat="23.97352" lon="121.01039"><ele>807</ele><time>2023-10-20T02:09:04.000Z</time></trkpt>
<trkpt lat="23.97353" lon="121.01045"><ele>807</ele><time>2023-10-20T02:09:07.000Z</time></trkpt>
<trkpt lat="23.97355" lon="121.01052"><ele>805</ele><time>2023-10-20T02:09:12.000Z</time></trkpt>
<trkpt lat="23.97355" lon="121.01052"><ele>804</ele><time>2023-10-20T02:09:13.000Z</time></trkpt>
<trkpt lat="23.97355" lon="121.01052"><ele>802</ele><time>2023-10-20T02:09:17.000Z</time></trkpt>
<trkpt lat="23.97354" lon="121.01053"><ele>802</ele><time>2023-10-20T02:09:22.000Z</time></trkpt>
<trkpt lat="23.97354" lon="121.01055"><ele>801</ele><time>2023-10-20T02:09:25.000Z</time></trkpt>
<trkpt lat="23.97353" lon="121.01055"><ele>800</ele><time>2023-10-20T02:09:32.000Z</time></trkpt>
<trkpt lat="23.97353" lon="121.01058"><ele>800</ele><time>2023-10-20T02:09:34.000Z</time></trkpt>
<trkpt lat="23.9736" lon="121.01076"><ele>797</ele><time>2023-10-20T02:09:48.000Z</time></trkpt>
<trkpt lat="23.97365" lon="121.01084"><ele>795</ele><time>2023-10-20T02:09:54.000Z</time></trkpt>
<trkpt lat="23.97365" lon="121.0109"><ele>793</ele><time>2023-10-20T02:10:01.000Z</time></trkpt>
<trkpt lat="23.97367" lon="121.01096"><ele>793</ele><time>2023-10-20T02:11:11.000Z</time></trkpt>
<trkpt lat="23.97366" lon="121.01098"><ele>793</ele><time>2023-10-20T02:11:14.000Z</time></trkpt>
<trkpt lat="23.97364" lon="121.01101"><ele>793</ele><time>2023-10-20T02:11:17.000Z</time></trkpt>
<trkpt lat="23.97363" lon="121.01104"><ele>792</ele><time>2023-10-20T02:11:20.000Z</time></trkpt>
<trkpt lat="23.97364" lon="121.01111"><ele>791</ele><time>2023-10-20T02:11:27.000Z</time></trkpt>
<trkpt lat="23.97367" lon="121.01117"><ele>790</ele><time>2023-10-20T02:11:37.000Z</time></trkpt>
<trkpt lat="23.97368" lon="121.01125"><ele>789</ele><time>2023-10-20T02:11:43.000Z</time></trkpt>
<trkpt lat="23.97371" lon="121.01133"><ele>788</ele><time>2023-10-20T02:11:55.000Z</time></trkpt>
<trkpt lat="23.97371" lon="121.01141"><ele>787</ele><time>2023-10-20T02:12:02.000Z</time></trkpt>
<trkpt lat="23.97371" lon="121.01146"><ele>787</ele><time>2023-10-20T02:12:07.000Z</time></trkpt>
<trkpt lat="23.97372" lon="121.0115"><ele>786</ele><time>2023-10-20T02:12:10.000Z</time></trkpt>
<trkpt lat="23.97373" lon="121.01161"><ele>784</ele><time>2023-10-20T02:12:27.000Z</time></trkpt>
<trkpt lat="23.97376" lon="121.01167"><ele>783</ele><time>2023-10-20T02:12:33.000Z</time></trkpt>
<trkpt lat="23.97379" lon="121.01173"><ele>783</ele><time>2023-10-20T02:12:37.000Z</time></trkpt>
<trkpt lat="23.97382" lon="121.01181"><ele>780</ele><time>2023-10-20T02:12:44.000Z</time></trkpt>
<trkpt lat="23.97384" lon="121.01184"><ele>779</ele><time>2023-10-20T02:12:47.000Z</time></trkpt>
<trkpt lat="23.97389" lon="121.01201"><ele>775</ele><time>2023-10-20T02:13:00.000Z</time></trkpt>
<trkpt lat="23.97397" lon="121.01209"><ele>774</ele><time>2023-10-20T02:13:07.000Z</time></trkpt>
<trkpt lat="23.97398" lon="121.01212"><ele>774</ele><time>2023-10-20T02:13:09.000Z</time></trkpt>
<trkpt lat="23.97396" lon="121.01213"><ele>774</ele><time>2023-10-20T02:13:11.000Z</time></trkpt>
<trkpt lat="23.97393" lon="121.01212"><ele>773</ele><time>2023-10-20T02:13:13.000Z</time></trkpt>
<trkpt lat="23.9739" lon="121.01209"><ele>771</ele><time>2023-10-20T02:13:37.000Z</time></trkpt>
<trkpt lat="23.97385" lon="121.01206"><ele>772</ele><time>2023-10-20T02:13:46.000Z</time></trkpt>
<trkpt lat="23.97377" lon="121.01201"><ele>771</ele><time>2023-10-20T02:13:53.000Z</time></trkpt>
<trkpt lat="23.97375" lon="121.012"><ele>770</ele><time>2023-10-20T02:13:57.000Z</time></trkpt>
<trkpt lat="23.97363" lon="121.01192"><ele>768</ele><time>2023-10-20T02:14:25.000Z</time></trkpt>
<trkpt lat="23.97363" lon="121.0119"><ele>767</ele><time>2023-10-20T02:14:42.000Z</time></trkpt>
<trkpt lat="23.9736" lon="121.0119"><ele>767</ele><time>2023-10-20T02:14:44.000Z</time></trkpt>
<trkpt lat="23.97353" lon="121.01186"><ele>765</ele><time>2023-10-20T02:14:52.000Z</time></trkpt>
<trkpt lat="23.97347" lon="121.01186"><ele>763</ele><time>2023-10-20T02:15:04.000Z</time></trkpt>
<trkpt lat="23.97341" lon="121.01183"><ele>762</ele><time>2023-10-20T02:15:08.000Z</time></trkpt>
<trkpt lat="23.97337" lon="121.01177"><ele>760</ele><time>2023-10-20T02:15:13.000Z</time></trkpt>
<trkpt lat="23.97333" lon="121.01178"><ele>760</ele><time>2023-10-20T02:15:15.000Z</time></trkpt>
<trkpt lat="23.97333" lon="121.0118"><ele>759</ele><time>2023-10-20T02:15:17.000Z</time></trkpt>
<trkpt lat="23.97333" lon="121.01185"><ele>758</ele><time>2023-10-20T02:15:21.000Z</time></trkpt>
<trkpt lat="23.97336" lon="121.01189"><ele>756</ele><time>2023-10-20T02:15:32.000Z</time></trkpt>
<trkpt lat="23.9734" lon="121.01202"><ele>752</ele><time>2023-10-20T02:15:46.000Z</time></trkpt>
<trkpt lat="23.97343" lon="121.01207"><ele>751</ele><time>2023-10-20T02:15:51.000Z</time></trkpt>
<trkpt lat="23.97343" lon="121.01211"><ele>750</ele><time>2023-10-20T02:15:55.000Z</time></trkpt>
<trkpt lat="23.97345" lon="121.01216"><ele>749</ele><time>2023-10-20T02:15:59.000Z</time></trkpt>
<trkpt lat="23.97349" lon="121.01221"><ele>747</ele><time>2023-10-20T02:16:03.000Z</time></trkpt>
<trkpt lat="23.97372" lon="121.0124"><ele>744</ele><time>2023-10-20T02:16:26.000Z</time></trkpt>
<trkpt lat="23.97373" lon="121.01241"><ele>744</ele><time>2023-10-20T02:16:28.000Z</time></trkpt>
<trkpt lat="23.97372" lon="121.01243"><ele>743</ele><time>2023-10-20T02:16:29.000Z</time></trkpt>
<trkpt lat="23.97372" lon="121.01243"><ele>743</ele><time>2023-10-20T02:16:30.000Z</time></trkpt>
<trkpt lat="23.97369" lon="121.01244"><ele>742</ele><time>2023-10-20T02:16:32.000Z</time></trkpt>
<trkpt lat="23.97362" lon="121.0124"><ele>741</ele><time>2023-10-20T02:16:38.000Z</time></trkpt>
<trkpt lat="23.97355" lon="121.01238"><ele>739</ele><time>2023-10-20T02:16:49.000Z</time></trkpt>
<trkpt lat="23.97346" lon="121.01234"><ele>738</ele><time>2023-10-20T02:16:55.000Z</time></trkpt>
<trkpt lat="23.97336" lon="121.01228"><ele>737</ele><time>2023-10-20T02:17:02.000Z</time></trkpt>
<trkpt lat="23.97334" lon="121.01227"><ele>737</ele><time>2023-10-20T02:17:04.000Z</time></trkpt>
<trkpt lat="23.97328" lon="121.01224"><ele>736</ele><time>2023-10-20T02:17:09.000Z</time></trkpt>
<trkpt lat="23.97322" lon="121.01219"><ele>733</ele><time>2023-10-20T02:17:15.000Z</time></trkpt>
<trkpt lat="23.97319" lon="121.0122"><ele>732</ele><time>2023-10-20T02:17:19.000Z</time></trkpt>
<trkpt lat="23.97316" lon="121.01219"><ele>732</ele><time>2023-10-20T02:17:21.000Z</time></trkpt>
<trkpt lat="23.973" lon="121.01208"><ele>725</ele><time>2023-10-20T02:17:45.000Z</time></trkpt>
<trkpt lat="23.97296" lon="121.01204"><ele>724</ele><time>2023-10-20T02:17:52.000Z</time></trkpt>
<trkpt lat="23.97295" lon="121.01202"><ele>723</ele><time>2023-10-20T02:18:06.000Z</time></trkpt>
<trkpt lat="23.97293" lon="121.012"><ele>722</ele><time>2023-10-20T02:18:09.000Z</time></trkpt>
<trkpt lat="23.9729" lon="121.012"><ele>722</ele><time>2023-10-20T02:18:11.000Z</time></trkpt>
<trkpt lat="23.9729" lon="121.01201"><ele>721</ele><time>2023-10-20T02:18:12.000Z</time></trkpt>
<trkpt lat="23.9729" lon="121.01204"><ele>721</ele><time>2023-10-20T02:18:14.000Z</time></trkpt>
<trkpt lat="23.97295" lon="121.01218"><ele>718</ele><time>2023-10-20T02:18:36.000Z</time></trkpt>
<trkpt lat="23.97301" lon="121.01226"><ele>714</ele><time>2023-10-20T02:19:20.000Z</time></trkpt>
<trkpt lat="23.97305" lon="121.01236"><ele>713</ele><time>2023-10-20T02:19:29.000Z</time></trkpt>
<trkpt lat="23.97317" lon="121.0125"><ele>709</ele><time>2023-10-20T02:19:43.000Z</time></trkpt>
<trkpt lat="23.97318" lon="121.01252"><ele>707</ele><time>2023-10-20T02:20:07.000Z</time></trkpt>
<trkpt lat="23.97322" lon="121.01257"><ele>707</ele><time>2023-10-20T02:20:11.000Z</time></trkpt>
<trkpt lat="23.97323" lon="121.0126"><ele>707</ele><time>2023-10-20T02:20:13.000Z</time></trkpt>
<trkpt lat="23.97321" lon="121.01263"><ele>706</ele><time>2023-10-20T02:20:25.000Z</time></trkpt>
<trkpt lat="23.97317" lon="121.01261"><ele>706</ele><time>2023-10-20T02:20:29.000Z</time></trkpt>
<trkpt lat="23.97306" lon="121.01254"><ele>704</ele><time>2023-10-20T02:20:37.000Z</time></trkpt>
<trkpt lat="23.97296" lon="121.0125"><ele>702</ele><time>2023-10-20T02:20:47.000Z</time></trkpt>
<trkpt lat="23.97285" lon="121.01245"><ele>700</ele><time>2023-10-20T02:20:55.000Z</time></trkpt>
<trkpt lat="23.97273" lon="121.01237"><ele>698</ele><time>2023-10-20T02:21:04.000Z</time></trkpt>
<trkpt lat="23.9727" lon="121.01234"><ele>698</ele><time>2023-10-20T02:21:06.000Z</time></trkpt>
<trkpt lat="23.97262" lon="121.01229"><ele>696</ele><time>2023-10-20T02:21:12.000Z</time></trkpt>
<trkpt lat="23.97258" lon="121.01226"><ele>695</ele><time>2023-10-20T02:21:16.000Z</time></trkpt>
<trkpt lat="23.97254" lon="121.01218"><ele>694</ele><time>2023-10-20T02:21:22.000Z</time></trkpt>
<trkpt lat="23.97253" lon="121.01218"><ele>693</ele><time>2023-10-20T02:21:24.000Z</time></trkpt>
<trkpt lat="23.97252" lon="121.01216"><ele>691</ele><time>2023-10-20T02:21:30.000Z</time></trkpt>
<trkpt lat="23.97251" lon="121.01216"><ele>691</ele><time>2023-10-20T02:21:35.000Z</time></trkpt>
<trkpt lat="23.9725" lon="121.01217"><ele>691</ele><time>2023-10-20T02:21:36.000Z</time></trkpt>
<trkpt lat="23.9725" lon="121.01221"><ele>691</ele><time>2023-10-20T02:21:39.000Z</time></trkpt>
<trkpt lat="23.97253" lon="121.01235"><ele>689</ele><time>2023-10-20T02:21:49.000Z</time></trkpt>
<trkpt lat="23.97255" lon="121.01237"><ele>688</ele><time>2023-10-20T02:21:51.000Z</time></trkpt>
<trkpt lat="23.97262" lon="121.01246"><ele>686</ele><time>2023-10-20T02:21:59.000Z</time></trkpt>
<trkpt lat="23.97269" lon="121.01253"><ele>685</ele><time>2023-10-20T02:22:15.000Z</time></trkpt>
<trkpt lat="23.97272" lon="121.01257"><ele>684</ele><time>2023-10-20T02:22:19.000Z</time></trkpt>
<trkpt lat="23.97275" lon="121.01263"><ele>683</ele><time>2023-10-20T02:22:23.000Z</time></trkpt>
<trkpt lat="23.97284" lon="121.01271"><ele>681</ele><time>2023-10-20T02:22:33.000Z</time></trkpt>
<trkpt lat="23.9729" lon="121.01271"><ele>680</ele><time>2023-10-20T02:22:38.000Z</time></trkpt>
<trkpt lat="23.97292" lon="121.01273"><ele>679</ele><time>2023-10-20T02:22:41.000Z</time></trkpt>
<trkpt lat="23.97293" lon="121.01275"><ele>679</ele><time>2023-10-20T02:22:43.000Z</time></trkpt>
<trkpt lat="23.97291" lon="121.01275"><ele>679</ele><time>2023-10-20T02:22:47.000Z</time></trkpt>
<trkpt lat="23.97291" lon="121.01277"><ele>679</ele><time>2023-10-20T02:22:51.000Z</time></trkpt>
<trkpt lat="23.97289" lon="121.0128"><ele>678</ele><time>2023-10-20T02:23:05.000Z</time></trkpt>
<trkpt lat="23.97288" lon="121.01281"><ele>678</ele><time>2023-10-20T02:23:06.000Z</time></trkpt>
<trkpt lat="23.97281" lon="121.0128"><ele>676</ele><time>2023-10-20T02:24:08.000Z</time></trkpt>
<trkpt lat="23.97265" lon="121.01276"><ele>674</ele><time>2023-10-20T02:24:21.000Z</time></trkpt>
<trkpt lat="23.97265" lon="121.01274"><ele>672</ele><time>2023-10-20T02:24:27.000Z</time></trkpt>
<trkpt lat="23.97262" lon="121.01272"><ele>672</ele><time>2023-10-20T02:24:30.000Z</time></trkpt>
<trkpt lat="23.97254" lon="121.0127"><ele>671</ele><time>2023-10-20T02:24:36.000Z</time></trkpt>
<trkpt lat="23.97245" lon="121.01265"><ele>668</ele><time>2023-10-20T02:24:45.000Z</time></trkpt>
<trkpt lat="23.97232" lon="121.01262"><ele>665</ele><time>2023-10-20T02:24:53.000Z</time></trkpt>
<trkpt lat="23.97224" lon="121.01258"><ele>663</ele><time>2023-10-20T02:25:00.000Z</time></trkpt>
<trkpt lat="23.97216" lon="121.01253"><ele>662</ele><time>2023-10-20T02:25:06.000Z</time></trkpt>
<trkpt lat="23.97214" lon="121.0125"><ele>661</ele><time>2023-10-20T02:25:08.000Z</time></trkpt>
<trkpt lat="23.97212" lon="121.01245"><ele>660</ele><time>2023-10-20T02:25:12.000Z</time></trkpt>
<trkpt lat="23.97211" lon="121.01244"><ele>660</ele><time>2023-10-20T02:25:13.000Z</time></trkpt>
<trkpt lat="23.97209" lon="121.01245"><ele>659</ele><time>2023-10-20T02:25:15.000Z</time></trkpt>
<trkpt lat="23.97209" lon="121.01247"><ele>658</ele><time>2023-10-20T02:25:17.000Z</time></trkpt>
<trkpt lat="23.97208" lon="121.01249"><ele>658</ele><time>2023-10-20T02:25:19.000Z</time></trkpt>
<trkpt lat="23.97214" lon="121.01258"><ele>656</ele><time>2023-10-20T02:25:34.000Z</time></trkpt>
<trkpt lat="23.97215" lon="121.0126"><ele>656</ele><time>2023-10-20T02:25:36.000Z</time></trkpt>
<trkpt lat="23.97215" lon="121.01261"><ele>655</ele><time>2023-10-20T02:25:38.000Z</time></trkpt>
<trkpt lat="23.97219" lon="121.01264"><ele>653</ele><time>2023-10-20T02:26:02.000Z</time></trkpt>
<trkpt lat="23.9723" lon="121.01275"><ele>652</ele><time>2023-10-20T02:26:13.000Z</time></trkpt>
<trkpt lat="23.97234" lon="121.01283"><ele>649</ele><time>2023-10-20T02:26:20.000Z</time></trkpt>
<trkpt lat="23.97234" lon="121.01286"><ele>646</ele><time>2023-10-20T02:27:09.000Z</time></trkpt>
<trkpt lat="23.9724" lon="121.01295"><ele>646</ele><time>2023-10-20T02:27:16.000Z</time></trkpt>
<trkpt lat="23.97241" lon="121.01299"><ele>645</ele><time>2023-10-20T02:27:20.000Z</time></trkpt>
<trkpt lat="23.9724" lon="121.01301"><ele>643</ele><time>2023-10-20T02:27:24.000Z</time></trkpt>
<trkpt lat="23.9724" lon="121.01302"><ele>643</ele><time>2023-10-20T02:27:28.000Z</time></trkpt>
<trkpt lat="23.97253" lon="121.01311"><ele>642</ele><time>2023-10-20T02:27:41.000Z</time></trkpt>
<trkpt lat="23.97258" lon="121.01316"><ele>641</ele><time>2023-10-20T02:27:47.000Z</time></trkpt>
<trkpt lat="23.97259" lon="121.01318"><ele>640</ele><time>2023-10-20T02:27:50.000Z</time></trkpt>
<trkpt lat="23.9726" lon="121.01318"><ele>639</ele><time>2023-10-20T02:27:51.000Z</time></trkpt>
<trkpt lat="23.97262" lon="121.01317"><ele>638</ele><time>2023-10-20T02:27:56.000Z</time></trkpt>
<trkpt lat="23.97263" lon="121.01318"><ele>638</ele><time>2023-10-20T02:28:02.000Z</time></trkpt>
<trkpt lat="23.97266" lon="121.01323"><ele>638</ele><time>2023-10-20T02:28:06.000Z</time></trkpt>
<trkpt lat="23.97265" lon="121.01328"><ele>637</ele><time>2023-10-20T02:28:08.000Z</time></trkpt>
<trkpt lat="23.97263" lon="121.0133"><ele>637</ele><time>2023-10-20T02:28:10.000Z</time></trkpt>
<trkpt lat="23.97262" lon="121.01331"><ele>636</ele><time>2023-10-20T02:28:11.000Z</time></trkpt>
<trkpt lat="23.97251" lon="121.0133"><ele>633</ele><time>2023-10-20T02:28:23.000Z</time></trkpt>
<trkpt lat="23.97244" lon="121.01333"><ele>632</ele><time>2023-10-20T02:28:30.000Z</time></trkpt>
<trkpt lat="23.9724" lon="121.01338"><ele>630</ele><time>2023-10-20T02:28:35.000Z</time></trkpt>
<trkpt lat="23.97238" lon="121.01343"><ele>629</ele><time>2023-10-20T02:28:43.000Z</time></trkpt>
<trkpt lat="23.97237" lon="121.0135"><ele>629</ele><time>2023-10-20T02:28:48.000Z</time></trkpt>
<trkpt lat="23.97234" lon="121.01353"><ele>629</ele><time>2023-10-20T02:28:53.000Z</time></trkpt>
<trkpt lat="23.97234" lon="121.01354"><ele>629</ele><time>2023-10-20T02:28:55.000Z</time></trkpt>
<trkpt lat="23.97234" lon="121.01356"><ele>629</ele><time>2023-10-20T02:29:21.000Z</time></trkpt>
<trkpt lat="23.9723" lon="121.01358"><ele>628</ele><time>2023-10-20T02:29:25.000Z</time></trkpt>
<trkpt lat="23.97227" lon="121.01361"><ele>628</ele><time>2023-10-20T02:29:28.000Z</time></trkpt>
<trkpt lat="23.97225" lon="121.01364"><ele>626</ele><time>2023-10-20T02:29:33.000Z</time></trkpt>
<trkpt lat="23.97223" lon="121.01365"><ele>625</ele><time>2023-10-20T02:29:38.000Z</time></trkpt>
<trkpt lat="23.97223" lon="121.01366"><ele>625</ele><time>2023-10-20T02:29:40.000Z</time></trkpt>
<trkpt lat="23.97222" lon="121.01366"><ele>625</ele><time>2023-10-20T02:29:42.000Z</time></trkpt>
<trkpt lat="23.97219" lon="121.01365"><ele>625</ele><time>2023-10-20T02:29:44.000Z</time></trkpt>
<trkpt lat="23.97217" lon="121.01366"><ele>624</ele><time>2023-10-20T02:29:52.000Z</time></trkpt>
<trkpt lat="23.97214" lon="121.01364"><ele>624</ele><time>2023-10-20T02:29:54.000Z</time></trkpt>
<trkpt lat="23.97212" lon="121.01361"><ele>624</ele><time>2023-10-20T02:29:56.000Z</time></trkpt>
<trkpt lat="23.9721" lon="121.01354"><ele>622</ele><time>2023-10-20T02:30:01.000Z</time></trkpt>
<trkpt lat="23.97208" lon="121.01353"><ele>621</ele><time>2023-10-20T02:30:03.000Z</time></trkpt>
<trkpt lat="23.97206" lon="121.01353"><ele>619</ele><time>2023-10-20T02:30:14.000Z</time></trkpt>
<trkpt lat="23.97198" lon="121.01353"><ele>617</ele><time>2023-10-20T02:30:21.000Z</time></trkpt>
<trkpt lat="23.97189" lon="121.0135"><ele>615</ele><time>2023-10-20T02:30:28.000Z</time></trkpt>
<trkpt lat="23.97181" lon="121.01347"><ele>612</ele><time>2023-10-20T02:30:35.000Z</time></trkpt>
<trkpt lat="23.97169" lon="121.01347"><ele>609</ele><time>2023-10-20T02:30:44.000Z</time></trkpt>
<trkpt lat="23.97165" lon="121.01345"><ele>608</ele><time>2023-10-20T02:30:47.000Z</time></trkpt>
<trkpt lat="23.97163" lon="121.01341"><ele>607</ele><time>2023-10-20T02:30:50.000Z</time></trkpt>
<trkpt lat="23.97157" lon="121.01342"><ele>606</ele><time>2023-10-20T02:31:00.000Z</time></trkpt>
<trkpt lat="23.97152" lon="121.01344"><ele>605</ele><time>2023-10-20T02:31:04.000Z</time></trkpt>
<trkpt lat="23.97147" lon="121.01345"><ele>604</ele><time>2023-10-20T02:31:10.000Z</time></trkpt>
<trkpt lat="23.97143" lon="121.01348"><ele>603</ele><time>2023-10-20T02:31:14.000Z</time></trkpt>
<trkpt lat="23.97139" lon="121.01362"><ele>602</ele><time>2023-10-20T02:31:22.000Z</time></trkpt>
<trkpt lat="23.97136" lon="121.01369"><ele>601</ele><time>2023-10-20T02:31:26.000Z</time></trkpt>
<trkpt lat="23.97135" lon="121.0137"><ele>601</ele><time>2023-10-20T02:31:28.000Z</time></trkpt>
<trkpt lat="23.97133" lon="121.01371"><ele>600</ele><time>2023-10-20T02:31:40.000Z</time></trkpt>
<trkpt lat="23.97122" lon="121.01388"><ele>598</ele><time>2023-10-20T02:31:52.000Z</time></trkpt>
<trkpt lat="23.97117" lon="121.01394"><ele>597</ele><time>2023-10-20T02:31:57.000Z</time></trkpt>
<trkpt lat="23.97113" lon="121.01401"><ele>596</ele><time>2023-10-20T02:32:01.000Z</time></trkpt>
<trkpt lat="23.97111" lon="121.01408"><ele>595</ele><time>2023-10-20T02:32:05.000Z</time></trkpt>
<trkpt lat="23.97108" lon="121.01413"><ele>595</ele><time>2023-10-20T02:32:08.000Z</time></trkpt>
<trkpt lat="23.97106" lon="121.01414"><ele>595</ele><time>2023-10-20T02:32:09.000Z</time></trkpt>
<trkpt lat="23.97104" lon="121.01414"><ele>595</ele><time>2023-10-20T02:32:10.000Z</time></trkpt>
<trkpt lat="23.97101" lon="121.01412"><ele>595</ele><time>2023-10-20T02:32:12.000Z</time></trkpt>
<trkpt lat="23.97101" lon="121.0141"><ele>595</ele><time>2023-10-20T02:32:13.000Z</time></trkpt>
<trkpt lat="23.97104" lon="121.01401"><ele>593</ele><time>2023-10-20T02:32:20.000Z</time></trkpt>
<trkpt lat="23.97107" lon="121.01378"><ele>590</ele><time>2023-10-20T02:32:33.000Z</time></trkpt>
<trkpt lat="23.97111" lon="121.01359"><ele>588</ele><time>2023-10-20T02:32:44.000Z</time></trkpt>
<trkpt lat="23.97112" lon="121.01352"><ele>586</ele><time>2023-10-20T02:32:57.000Z</time></trkpt>
<trkpt lat="23.97112" lon="121.0135"><ele>585</ele><time>2023-10-20T02:33:16.000Z</time></trkpt>
<trkpt lat="23.97112" lon="121.01349"><ele>585</ele><time>2023-10-20T02:33:17.000Z</time></trkpt>
<trkpt lat="23.97109" lon="121.0135"><ele>585</ele><time>2023-10-20T02:33:20.000Z</time></trkpt>
<trkpt lat="23.97107" lon="121.01352"><ele>584</ele><time>2023-10-20T02:33:22.000Z</time></trkpt>
<trkpt lat="23.97102" lon="121.01364"><ele>582</ele><time>2023-10-20T02:33:31.000Z</time></trkpt>
<trkpt lat="23.97094" lon="121.01376"><ele>581</ele><time>2023-10-20T02:33:37.000Z</time></trkpt>
<trkpt lat="23.9709" lon="121.01384"><ele>580</ele><time>2023-10-20T02:33:40.000Z</time></trkpt>
<trkpt lat="23.97083" lon="121.01404"><ele>579</ele><time>2023-10-20T02:33:47.000Z</time></trkpt>
<trkpt lat="23.97082" lon="121.0141"><ele>580</ele><time>2023-10-20T02:33:49.000Z</time></trkpt>
<trkpt lat="23.97084" lon="121.01439"><ele>582</ele><time>2023-10-20T02:34:01.000Z</time></trkpt>
<trkpt lat="23.97083" lon="121.0145"><ele>583</ele><time>2023-10-20T02:34:05.000Z</time></trkpt>
<trkpt lat="23.97079" lon="121.01477"><ele>584</ele><time>2023-10-20T02:34:15.000Z</time></trkpt>
<trkpt lat="23.9708" lon="121.01493"><ele>585</ele><time>2023-10-20T02:34:21.000Z</time></trkpt>
<trkpt lat="23.97079" lon="121.01501"><ele>585</ele><time>2023-10-20T02:34:24.000Z</time></trkpt>
<trkpt lat="23.97074" lon="121.01517"><ele>586</ele><time>2023-10-20T02:34:30.000Z</time></trkpt>
<trkpt lat="23.97064" lon="121.01541"><ele>587</ele><time>2023-10-20T02:34:40.000Z</time></trkpt>
<trkpt lat="23.97061" lon="121.01555"><ele>589</ele><time>2023-10-20T02:34:47.000Z</time></trkpt>
<trkpt lat="23.97049" lon="121.01593"><ele>594</ele><time>2023-10-20T02:35:04.000Z</time></trkpt>
<trkpt lat="23.97045" lon="121.01607"><ele>596</ele><time>2023-10-20T02:35:14.000Z</time></trkpt>
<trkpt lat="23.97042" lon="121.01622"><ele>597</ele><time>2023-10-20T02:35:24.000Z</time></trkpt>
<trkpt lat="23.97039" lon="121.01627"><ele>597</ele><time>2023-10-20T02:35:28.000Z</time></trkpt>
<trkpt lat="23.9703" lon="121.01636"><ele>595</ele><time>2023-10-20T02:35:36.000Z</time></trkpt>
<trkpt lat="23.97026" lon="121.01643"><ele>594</ele><time>2023-10-20T02:35:41.000Z</time></trkpt>
<trkpt lat="23.97021" lon="121.01652"><ele>593</ele><time>2023-10-20T02:35:47.000Z</time></trkpt>
<trkpt lat="23.97016" lon="121.01658"><ele>592</ele><time>2023-10-20T02:35:53.000Z</time></trkpt>
<trkpt lat="23.97013" lon="121.01665"><ele>591</ele><time>2023-10-20T02:35:57.000Z</time></trkpt>
<trkpt lat="23.97013" lon="121.01669"><ele>591</ele><time>2023-10-20T02:35:59.000Z</time></trkpt>
<trkpt lat="23.97007" lon="121.01683"><ele>591</ele><time>2023-10-20T02:36:07.000Z</time></trkpt>
<trkpt lat="23.97004" lon="121.01692"><ele>591</ele><time>2023-10-20T02:36:12.000Z</time></trkpt>
<trkpt lat="23.96993" lon="121.01711"><ele>592</ele><time>2023-10-20T02:36:25.000Z</time></trkpt>
<trkpt lat="23.96987" lon="121.01718"><ele>592</ele><time>2023-10-20T02:36:30.000Z</time></trkpt>
<trkpt lat="23.9698" lon="121.0173"><ele>593</ele><time>2023-10-20T02:36:38.000Z</time></trkpt>
<trkpt lat="23.96975" lon="121.01735"><ele>593</ele><time>2023-10-20T02:36:43.000Z</time></trkpt>
<trkpt lat="23.96968" lon="121.01746"><ele>593</ele><time>2023-10-20T02:36:50.000Z</time></trkpt>
<trkpt lat="23.96965" lon="121.01749"><ele>593</ele><time>2023-10-20T02:36:52.000Z</time></trkpt>
<trkpt lat="23.96961" lon="121.01751"><ele>593</ele><time>2023-10-20T02:36:55.000Z</time></trkpt>
<trkpt lat="23.96952" lon="121.01755"><ele>593</ele><time>2023-10-20T02:37:01.000Z</time></trkpt>
<trkpt lat="23.96944" lon="121.01756"><ele>593</ele><time>2023-10-20T02:37:06.000Z</time></trkpt>
<trkpt lat="23.96924" lon="121.01758"><ele>593</ele><time>2023-10-20T02:37:19.000Z</time></trkpt>
<trkpt lat="23.96916" lon="121.01761"><ele>594</ele><time>2023-10-20T02:37:24.000Z</time></trkpt>
<trkpt lat="23.96915" lon="121.01761"><ele>594</ele><time>2023-10-20T02:37:25.000Z</time></trkpt>
<trkpt lat="23.96911" lon="121.01763"><ele>594</ele><time>2023-10-20T02:37:28.000Z</time></trkpt>
<trkpt lat="23.96907" lon="121.01766"><ele>595</ele><time>2023-10-20T02:37:31.000Z</time></trkpt>
<trkpt lat="23.96899" lon="121.01772"><ele>596</ele><time>2023-10-20T02:37:38.000Z</time></trkpt>
<trkpt lat="23.96896" lon="121.01775"><ele>597</ele><time>2023-10-20T02:37:41.000Z</time></trkpt>
<trkpt lat="23.96892" lon="121.01775"><ele>597</ele><time>2023-10-20T02:37:43.000Z</time></trkpt>
<trkpt lat="23.96887" lon="121.01779"><ele>598</ele><time>2023-10-20T02:37:48.000Z</time></trkpt>
<trkpt lat="23.96886" lon="121.01779"><ele>598</ele><time>2023-10-20T02:37:49.000Z</time></trkpt>
<trkpt lat="23.9687" lon="121.01788"><ele>601</ele><time>2023-10-20T02:38:02.000Z</time></trkpt>
<trkpt lat="23.96863" lon="121.0179"><ele>601</ele><time>2023-10-20T02:38:06.000Z</time></trkpt>
<trkpt lat="23.96854" lon="121.01791"><ele>602</ele><time>2023-10-20T02:38:12.000Z</time></trkpt>
<trkpt lat="23.96848" lon="121.01793"><ele>602</ele><time>2023-10-20T02:38:16.000Z</time></trkpt>
<trkpt lat="23.96841" lon="121.01793"><ele>602</ele><time>2023-10-20T02:38:21.000Z</time></trkpt>
<trkpt lat="23.96836" lon="121.01795"><ele>602</ele><time>2023-10-20T02:38:24.000Z</time></trkpt>
<trkpt lat="23.96835" lon="121.01794"><ele>602</ele><time>2023-10-20T02:38:25.000Z</time></trkpt>
<trkpt lat="23.9683" lon="121.01794"><ele>602</ele><time>2023-10-20T02:38:28.000Z</time></trkpt>
<trkpt lat="23.96827" lon="121.01791"><ele>602</ele><time>2023-10-20T02:38:31.000Z</time></trkpt>
<trkpt lat="23.96825" lon="121.01786"><ele>602</ele><time>2023-10-20T02:38:34.000Z</time></trkpt>
<trkpt lat="23.96825" lon="121.0178"><ele>601</ele><time>2023-10-20T02:38:43.000Z</time></trkpt>
<trkpt lat="23.96822" lon="121.01775"><ele>600</ele><time>2023-10-20T02:39:02.000Z</time></trkpt>
<trkpt lat="23.9682" lon="121.01757"><ele>601</ele><time>2023-10-20T02:39:14.000Z</time></trkpt>
<trkpt lat="23.96821" lon="121.01751"><ele>600</ele><time>2023-10-20T02:39:21.000Z</time></trkpt>
<trkpt lat="23.96823" lon="121.01751"><ele>600</ele><time>2023-10-20T02:39:27.000Z</time></trkpt>
<trkpt lat="23.96832" lon="121.01737"><ele>599</ele><time>2023-10-20T02:39:39.000Z</time></trkpt>
<trkpt lat="23.9684" lon="121.01722"><ele>598</ele><time>2023-10-20T02:39:48.000Z</time></trkpt>
<trkpt lat="23.9685" lon="121.0171"><ele>596</ele><time>2023-10-20T02:39:54.000Z</time></trkpt>
<trkpt lat="23.96865" lon="121.01693"><ele>596</ele><time>2023-10-20T02:40:02.000Z</time></trkpt>
<trkpt lat="23.96877" lon="121.01682"><ele>596</ele><time>2023-10-20T02:40:08.000Z</time></trkpt>
<trkpt lat="23.96895" lon="121.01661"><ele>595</ele><time>2023-10-20T02:40:18.000Z</time></trkpt>
<trkpt lat="23.96901" lon="121.01656"><ele>595</ele><time>2023-10-20T02:40:21.000Z</time></trkpt>
<trkpt lat="23.9691" lon="121.01648"><ele>595</ele><time>2023-10-20T02:40:25.000Z</time></trkpt>
<trkpt lat="23.96936" lon="121.01617"><ele>593</ele><time>2023-10-20T02:40:39.000Z</time></trkpt>
<trkpt lat="23.9695" lon="121.01602"><ele>593</ele><time>2023-10-20T02:40:46.000Z</time></trkpt>
<trkpt lat="23.96956" lon="121.01595"><ele>593</ele><time>2023-10-20T02:40:49.000Z</time></trkpt>
<trkpt lat="23.9696" lon="121.01587"><ele>592</ele><time>2023-10-20T02:40:52.000Z</time></trkpt>
<trkpt lat="23.96967" lon="121.01571"><ele>592</ele><time>2023-10-20T02:40:58.000Z</time></trkpt>
<trkpt lat="23.96967" lon="121.01568"><ele>592</ele><time>2023-10-20T02:40:59.000Z</time></trkpt>
<trkpt lat="23.96976" lon="121.01541"><ele>590</ele><time>2023-10-20T02:41:09.000Z</time></trkpt>
<trkpt lat="23.96991" lon="121.015"><ele>588</ele><time>2023-10-20T02:41:24.000Z</time></trkpt>
<trkpt lat="23.96995" lon="121.01484"><ele>588</ele><time>2023-10-20T02:41:30.000Z</time></trkpt>
<trkpt lat="23.97003" lon="121.01453"><ele>586</ele><time>2023-10-20T02:41:40.000Z</time></trkpt>
<trkpt lat="23.97026" lon="121.01383"><ele>583</ele><time>2023-10-20T02:42:07.000Z</time></trkpt>
<trkpt lat="23.97028" lon="121.01372"><ele>583</ele><time>2023-10-20T02:42:13.000Z</time></trkpt>
<trkpt lat="23.9703" lon="121.01347"><ele>582</ele><time>2023-10-20T02:42:26.000Z</time></trkpt>
<trkpt lat="23.97036" lon="121.01327"><ele>581</ele><time>2023-10-20T02:42:35.000Z</time></trkpt>
<trkpt lat="23.97037" lon="121.01321"><ele>580</ele><time>2023-10-20T02:42:37.000Z</time></trkpt>
<trkpt lat="23.97043" lon="121.013"><ele>579</ele><time>2023-10-20T02:42:45.000Z</time></trkpt>
<trkpt lat="23.97043" lon="121.01295"><ele>579</ele><time>2023-10-20T02:42:48.000Z</time></trkpt>
<trkpt lat="23.97046" lon="121.01282"><ele>578</ele><time>2023-10-20T02:43:04.000Z</time></trkpt>
<trkpt lat="23.97046" lon="121.01275"><ele>577</ele><time>2023-10-20T02:43:06.000Z</time></trkpt>
<trkpt lat="23.97041" lon="121.01271"><ele>577</ele><time>2023-10-20T02:43:08.000Z</time></trkpt>
<trkpt lat="23.97031" lon="121.01267"><ele>577</ele><time>2023-10-20T02:43:11.000Z</time></trkpt>
<trkpt lat="23.97014" lon="121.01261"><ele>577</ele><time>2023-10-20T02:43:17.000Z</time></trkpt>
<trkpt lat="23.97009" lon="121.01255"><ele>577</ele><time>2023-10-20T02:43:20.000Z</time></trkpt>
<trkpt lat="23.97008" lon="121.01252"><ele>577</ele><time>2023-10-20T02:43:21.000Z</time></trkpt>
<trkpt lat="23.97007" lon="121.01246"><ele>577</ele><time>2023-10-20T02:43:23.000Z</time></trkpt>
<trkpt lat="23.97008" lon="121.01242"><ele>576</ele><time>2023-10-20T02:43:24.000Z</time></trkpt>
<trkpt lat="23.97012" lon="121.01236"><ele>575</ele><time>2023-10-20T02:43:26.000Z</time></trkpt>
<trkpt lat="23.9702" lon="121.01232"><ele>575</ele><time>2023-10-20T02:43:29.000Z</time></trkpt>
<trkpt lat="23.97031" lon="121.01229"><ele>575</ele><time>2023-10-20T02:43:33.000Z</time></trkpt>
<trkpt lat="23.97035" lon="121.01227"><ele>575</ele><time>2023-10-20T02:43:35.000Z</time></trkpt>
<trkpt lat="23.97039" lon="121.01223"><ele>575</ele><time>2023-10-20T02:43:37.000Z</time></trkpt>
<trkpt lat="23.97042" lon="121.01212"><ele>575</ele><time>2023-10-20T02:43:41.000Z</time></trkpt>
<trkpt lat="23.97043" lon="121.01203"><ele>575</ele><time>2023-10-20T02:43:44.000Z</time></trkpt>
<trkpt lat="23.97044" lon="121.01198"><ele>574</ele><time>2023-10-20T02:43:46.000Z</time></trkpt>
<trkpt lat="23.97044" lon="121.01195"><ele>575</ele><time>2023-10-20T02:43:53.000Z</time></trkpt>
<trkpt lat="23.97043" lon="121.01189"><ele>575</ele><time>2023-10-20T02:43:55.000Z</time></trkpt>
<trkpt lat="23.97041" lon="121.01169"><ele>574</ele><time>2023-10-20T02:44:01.000Z</time></trkpt>
<trkpt lat="23.97035" lon="121.01129"><ele>573</ele><time>2023-10-20T02:44:14.000Z</time></trkpt>
<trkpt lat="23.97035" lon="121.01105"><ele>572</ele><time>2023-10-20T02:44:22.000Z</time></trkpt>
<trkpt lat="23.97033" lon="121.01095"><ele>572</ele><time>2023-10-20T02:44:25.000Z</time></trkpt>
<trkpt lat="23.97025" lon="121.01074"><ele>571</ele><time>2023-10-20T02:44:32.000Z</time></trkpt>
<trkpt lat="23.97022" lon="121.01054"><ele>570</ele><time>2023-10-20T02:44:39.000Z</time></trkpt>
<trkpt lat="23.97014" lon="121.01023"><ele>569</ele><time>2023-10-20T02:44:50.000Z</time></trkpt>
<trkpt lat="23.97006" lon="121.00997"><ele>568</ele><time>2023-10-20T02:45:00.000Z</time></trkpt>
<trkpt lat="23.97001" lon="121.00987"><ele>567</ele><time>2023-10-20T02:45:06.000Z</time></trkpt>
<trkpt lat="23.97002" lon="121.00985"><ele>567</ele><time>2023-10-20T02:45:07.000Z</time></trkpt>
<trkpt lat="23.96999" lon="121.00978"><ele>567</ele><time>2023-10-20T02:45:15.000Z</time></trkpt>
<trkpt lat="23.96993" lon="121.00966"><ele>567</ele><time>2023-10-20T02:45:19.000Z</time></trkpt>
<trkpt lat="23.96986" lon="121.00954"><ele>566</ele><time>2023-10-20T02:45:23.000Z</time></trkpt>
<trkpt lat="23.9698" lon="121.0094"><ele>565</ele><time>2023-10-20T02:45:28.000Z</time></trkpt>
<trkpt lat="23.96973" lon="121.00926"><ele>565</ele><time>2023-10-20T02:45:33.000Z</time></trkpt>
<trkpt lat="23.9697" lon="121.00918"><ele>565</ele><time>2023-10-20T02:45:36.000Z</time></trkpt>
<trkpt lat="23.96966" lon="121.00897"><ele>565</ele><time>2023-10-20T02:45:43.000Z</time></trkpt>
<trkpt lat="23.96961" lon="121.0088"><ele>564</ele><time>2023-10-20T02:45:49.000Z</time></trkpt>
<trkpt lat="23.96949" lon="121.00857"><ele>564</ele><time>2023-10-20T02:45:58.000Z</time></trkpt>
<trkpt lat="23.96941" lon="121.0084"><ele>564</ele><time>2023-10-20T02:46:08.000Z</time></trkpt>
<trkpt lat="23.96941" lon="121.0083"><ele>563</ele><time>2023-10-20T02:46:19.000Z</time></trkpt>
<trkpt lat="23.96946" lon="121.00806"><ele>564</ele><time>2023-10-20T02:46:26.000Z</time></trkpt>
<trkpt lat="23.96949" lon="121.00784"><ele>564</ele><time>2023-10-20T02:46:33.000Z</time></trkpt>
<trkpt lat="23.96956" lon="121.00757"><ele>564</ele><time>2023-10-20T02:46:42.000Z</time></trkpt>
<trkpt lat="23.96967" lon="121.00722"><ele>562</ele><time>2023-10-20T02:46:54.000Z</time></trkpt>
<trkpt lat="23.96974" lon="121.00707"><ele>560</ele><time>2023-10-20T02:46:59.000Z</time></trkpt>
<trkpt lat="23.96983" lon="121.00688"><ele>559</ele><time>2023-10-20T02:47:06.000Z</time></trkpt>
<trkpt lat="23.97004" lon="121.00648"><ele>558</ele><time>2023-10-20T02:47:20.000Z</time></trkpt>
<trkpt lat="23.9702" lon="121.00621"><ele>555</ele><time>2023-10-20T02:47:30.000Z</time></trkpt>
<trkpt lat="23.97026" lon="121.00607"><ele>554</ele><time>2023-10-20T02:47:35.000Z</time></trkpt>
<trkpt lat="23.97046" lon="121.00567"><ele>553</ele><time>2023-10-20T02:47:49.000Z</time></trkpt>
<trkpt lat="23.97065" lon="121.00531"><ele>551</ele><time>2023-10-20T02:48:02.000Z</time></trkpt>
<trkpt lat="23.97075" lon="121.00511"><ele>551</ele><time>2023-10-20T02:48:09.000Z</time></trkpt>
<trkpt lat="23.97086" lon="121.00491"><ele>549</ele><time>2023-10-20T02:48:16.000Z</time></trkpt>
<trkpt lat="23.97107" lon="121.00445"><ele>548</ele><time>2023-10-20T02:48:32.000Z</time></trkpt>
<trkpt lat="23.97122" lon="121.00418"><ele>546</ele><time>2023-10-20T02:48:41.000Z</time></trkpt>
<trkpt lat="23.97146" lon="121.00369"><ele>545</ele><time>2023-10-20T02:48:59.000Z</time></trkpt>
<trkpt lat="23.97166" lon="121.00334"><ele>543</ele><time>2023-10-20T02:49:12.000Z</time></trkpt>
<trkpt lat="23.97186" lon="121.00294"><ele>541</ele><time>2023-10-20T02:49:26.000Z</time></trkpt>
<trkpt lat="23.97197" lon="121.0027"><ele>541</ele><time>2023-10-20T02:49:35.000Z</time></trkpt>
<trkpt lat="23.97212" lon="121.00243"><ele>540</ele><time>2023-10-20T02:49:45.000Z</time></trkpt>
<trkpt lat="23.97221" lon="121.00221"><ele>539</ele><time>2023-10-20T02:49:53.000Z</time></trkpt>
<trkpt lat="23.97227" lon="121.0021"><ele>538</ele><time>2023-10-20T02:49:57.000Z</time></trkpt>
<trkpt lat="23.97238" lon="121.00198"><ele>537</ele><time>2023-10-20T02:50:03.000Z</time></trkpt>
<trkpt lat="23.97239" lon="121.00198"><ele>537</ele><time>2023-10-20T02:50:04.000Z</time></trkpt>
<trkpt lat="23.97244" lon="121.00196"><ele>537</ele><time>2023-10-20T02:50:07.000Z</time></trkpt>
<trkpt lat="23.97247" lon="121.00193"><ele>536</ele><time>2023-10-20T02:50:14.000Z</time></trkpt>
<trkpt lat="23.97256" lon="121.00191"><ele>536</ele><time>2023-10-20T02:50:19.000Z</time></trkpt>
<trkpt lat="23.97264" lon="121.0019"><ele>535</ele><time>2023-10-20T02:50:24.000Z</time></trkpt>
<trkpt lat="23.97272" lon="121.00191"><ele>535</ele><time>2023-10-20T02:50:29.000Z</time></trkpt>
<trkpt lat="23.97281" lon="121.00191"><ele>535</ele><time>2023-10-20T02:50:34.000Z</time></trkpt>
<trkpt lat="23.97295" lon="121.00194"><ele>533</ele><time>2023-10-20T02:50:42.000Z</time></trkpt>
<trkpt lat="23.973" lon="121.00194"><ele>533</ele><time>2023-10-20T02:50:45.000Z</time></trkpt>
<trkpt lat="23.97308" lon="121.00196"><ele>533</ele><time>2023-10-20T02:50:50.000Z</time></trkpt>
<trkpt lat="23.97308" lon="121.00195"><ele>532</ele><time>2023-10-20T02:50:55.000Z</time></trkpt>
<trkpt lat="23.97322" lon="121.00193"><ele>532</ele><time>2023-10-20T02:51:05.000Z</time></trkpt>
<trkpt lat="23.97325" lon="121.00193"><ele>532</ele><time>2023-10-20T02:51:07.000Z</time></trkpt>
<trkpt lat="23.97325" lon="121.00194"><ele>531</ele><time>2023-10-20T02:51:10.000Z</time></trkpt>
<trkpt lat="23.97325" lon="121.00193"><ele>531</ele><time>2023-10-20T02:51:11.000Z</time></trkpt>
<trkpt lat="23.97329" lon="121.00188"><ele>531</ele><time>2023-10-20T02:51:19.000Z</time></trkpt>
<trkpt lat="23.97333" lon="121.00186"><ele>531</ele><time>2023-10-20T02:51:20.000Z</time></trkpt>
<trkpt lat="23.97339" lon="121.00181"><ele>531</ele><time>2023-10-20T02:51:22.000Z</time></trkpt>
<trkpt lat="23.97371" lon="121.00141"><ele>531</ele><time>2023-10-20T02:51:36.000Z</time></trkpt>
<trkpt lat="23.97384" lon="121.00119"><ele>530</ele><time>2023-10-20T02:51:43.000Z</time></trkpt>
<trkpt lat="23.97394" lon="121.00105"><ele>530</ele><time>2023-10-20T02:51:48.000Z</time></trkpt>
<trkpt lat="23.97397" lon="121.00099"><ele>530</ele><time>2023-10-20T02:51:50.000Z</time></trkpt>
<trkpt lat="23.97402" lon="121.00085"><ele>530</ele><time>2023-10-20T02:51:54.000Z</time></trkpt>
<trkpt lat="23.97408" lon="121.00072"><ele>529</ele><time>2023-10-20T02:51:58.000Z</time></trkpt>
<trkpt lat="23.97417" lon="121.00055"><ele>528</ele><time>2023-10-20T02:52:04.000Z</time></trkpt>
<trkpt lat="23.97424" lon="121.00036"><ele>528</ele><time>2023-10-20T02:52:10.000Z</time></trkpt>
<trkpt lat="23.97428" lon="121.00028"><ele>527</ele><time>2023-10-20T02:52:13.000Z</time></trkpt>
<trkpt lat="23.97435" lon="121.00022"><ele>527</ele><time>2023-10-20T02:52:16.000Z</time></trkpt>
<trkpt lat="23.97446" lon="121.00016"><ele>527</ele><time>2023-10-20T02:52:20.000Z</time></trkpt>
<trkpt lat="23.97457" lon="121.00011"><ele>527</ele><time>2023-10-20T02:52:24.000Z</time></trkpt>
<trkpt lat="23.97462" lon="121.00008"><ele>526</ele><time>2023-10-20T02:52:26.000Z</time></trkpt>
<trkpt lat="23.97464" lon="121.00006"><ele>526</ele><time>2023-10-20T02:52:27.000Z</time></trkpt>
<trkpt lat="23.97473" lon="120.99995"><ele>526</ele><time>2023-10-20T02:52:32.000Z</time></trkpt>
<trkpt lat="23.97475" lon="120.99991"><ele>526</ele><time>2023-10-20T02:52:34.000Z</time></trkpt>
<trkpt lat="23.97484" lon="120.99969"><ele>525</ele><time>2023-10-20T02:52:41.000Z</time></trkpt>
<trkpt lat="23.97491" lon="120.99955"><ele>525</ele><time>2023-10-20T02:52:46.000Z</time></trkpt>
<trkpt lat="23.97509" lon="120.99922"><ele>523</ele><time>2023-10-20T02:53:00.000Z</time></trkpt>
<trkpt lat="23.97513" lon="120.9991"><ele>522</ele><time>2023-10-20T02:53:10.000Z</time></trkpt>
<trkpt lat="23.97515" lon="120.99908"><ele>522</ele><time>2023-10-20T02:53:14.000Z</time></trkpt>
<trkpt lat="23.97516" lon="120.99905"><ele>521</ele><time>2023-10-20T02:53:16.000Z</time></trkpt>
<trkpt lat="23.97517" lon="120.999"><ele>521</ele><time>2023-10-20T02:53:18.000Z</time></trkpt>
<trkpt lat="23.97519" lon="120.9989"><ele>521</ele><time>2023-10-20T02:53:22.000Z</time></trkpt>
<trkpt lat="23.97518" lon="120.99856"><ele>520</ele><time>2023-10-20T02:53:36.000Z</time></trkpt>
<trkpt lat="23.97519" lon="120.99843"><ele>520</ele><time>2023-10-20T02:53:41.000Z</time></trkpt>
<trkpt lat="23.9752" lon="120.99815"><ele>519</ele><time>2023-10-20T02:53:51.000Z</time></trkpt>
<trkpt lat="23.97522" lon="120.99784"><ele>518</ele><time>2023-10-20T02:54:02.000Z</time></trkpt>
<trkpt lat="23.97522" lon="120.99772"><ele>518</ele><time>2023-10-20T02:54:07.000Z</time></trkpt>
<trkpt lat="23.97522" lon="120.99769"><ele>518</ele><time>2023-10-20T02:54:09.000Z</time></trkpt>
<trkpt lat="23.97518" lon="120.99767"><ele>517</ele><time>2023-10-20T02:54:12.000Z</time></trkpt>
<trkpt lat="23.9751" lon="120.9977"><ele>517</ele><time>2023-10-20T02:54:18.000Z</time></trkpt>
<trkpt lat="23.97506" lon="120.99777"><ele>517</ele><time>2023-10-20T02:54:30.000Z</time></trkpt>
<trkpt lat="23.97498" lon="120.99783"><ele>517</ele><time>2023-10-20T02:54:33.000Z</time></trkpt>
<trkpt lat="23.97491" lon="120.99788"><ele>517</ele><time>2023-10-20T02:54:36.000Z</time></trkpt>
<trkpt lat="23.97485" lon="120.99789"><ele>518</ele><time>2023-10-20T02:54:38.000Z</time></trkpt>
<trkpt lat="23.97476" lon="120.99787"><ele>518</ele><time>2023-10-20T02:54:43.000Z</time></trkpt>
<trkpt lat="23.97477" lon="120.99787"><ele>518</ele><time>2023-10-20T02:54:47.000Z</time></trkpt>
<trkpt lat="23.97468" lon="120.99772"><ele>518</ele><time>2023-10-20T02:54:53.000Z</time></trkpt>
<trkpt lat="23.97454" lon="120.99754"><ele>518</ele><time>2023-10-20T02:54:59.000Z</time></trkpt>
<trkpt lat="23.97434" lon="120.99722"><ele>519</ele><time>2023-10-20T02:55:11.000Z</time></trkpt>
<trkpt lat="23.97429" lon="120.99715"><ele>519</ele><time>2023-10-20T02:55:14.000Z</time></trkpt>
<trkpt lat="23.97424" lon="120.99707"><ele>519</ele><time>2023-10-20T02:55:17.000Z</time></trkpt>
<trkpt lat="23.97422" lon="120.99699"><ele>518</ele><time>2023-10-20T02:55:20.000Z</time></trkpt>
<trkpt lat="23.97419" lon="120.99671"><ele>518</ele><time>2023-10-20T02:55:31.000Z</time></trkpt>
<trkpt lat="23.97424" lon="120.99638"><ele>517</ele><time>2023-10-20T02:55:45.000Z</time></trkpt>
<trkpt lat="23.97427" lon="120.99624"><ele>516</ele><time>2023-10-20T02:55:51.000Z</time></trkpt>
<trkpt lat="23.97427" lon="120.99618"><ele>516</ele><time>2023-10-20T02:55:54.000Z</time></trkpt>
<trkpt lat="23.97424" lon="120.99615"><ele>516</ele><time>2023-10-20T02:55:57.000Z</time></trkpt>
<trkpt lat="23.97418" lon="120.99613"><ele>516</ele><time>2023-10-20T02:56:00.000Z</time></trkpt>
<trkpt lat="23.97414" lon="120.99613"><ele>516</ele><time>2023-10-20T02:56:02.000Z</time></trkpt>
<trkpt lat="23.97406" lon="120.99608"><ele>516</ele><time>2023-10-20T02:56:06.000Z</time></trkpt>
<trkpt lat="23.97396" lon="120.99606"><ele>516</ele><time>2023-10-20T02:56:11.000Z</time></trkpt>
<trkpt lat="23.97378" lon="120.99607"><ele>516</ele><time>2023-10-20T02:56:18.000Z</time></trkpt>
<trkpt lat="23.9736" lon="120.99605"><ele>517</ele><time>2023-10-20T02:56:26.000Z</time></trkpt>
<trkpt lat="23.97354" lon="120.99606"><ele>517</ele><time>2023-10-20T02:56:29.000Z</time></trkpt>
<trkpt lat="23.97347" lon="120.99609"><ele>517</ele><time>2023-10-20T02:56:32.000Z</time></trkpt>
<trkpt lat="23.97333" lon="120.9962"><ele>517</ele><time>2023-10-20T02:56:39.000Z</time></trkpt>
<trkpt lat="23.97323" lon="120.99623"><ele>518</ele><time>2023-10-20T02:56:44.000Z</time></trkpt>
<trkpt lat="23.973" lon="120.99637"><ele>519</ele><time>2023-10-20T02:56:55.000Z</time></trkpt>
<trkpt lat="23.97295" lon="120.9964"><ele>519</ele><time>2023-10-20T02:56:57.000Z</time></trkpt>
<trkpt lat="23.97283" lon="120.99647"><ele>520</ele><time>2023-10-20T02:57:03.000Z</time></trkpt>
<trkpt lat="23.97262" lon="120.99655"><ele>521</ele><time>2023-10-20T02:57:12.000Z</time></trkpt>
<trkpt lat="23.97254" lon="120.99657"><ele>521</ele><time>2023-10-20T02:57:16.000Z</time></trkpt>
<trkpt lat="23.9724" lon="120.99665"><ele>521</ele><time>2023-10-20T02:57:22.000Z</time></trkpt>
<trkpt lat="23.97228" lon="120.99673"><ele>522</ele><time>2023-10-20T02:57:27.000Z</time></trkpt>
<trkpt lat="23.97217" lon="120.99678"><ele>521</ele><time>2023-10-20T02:57:32.000Z</time></trkpt>
<trkpt lat="23.97209" lon="120.99681"><ele>521</ele><time>2023-10-20T02:57:35.000Z</time></trkpt>
<trkpt lat="23.97193" lon="120.99681"><ele>521</ele><time>2023-10-20T02:57:41.000Z</time></trkpt>
<trkpt lat="23.97169" lon="120.99679"><ele>520</ele><time>2023-10-20T02:57:50.000Z</time></trkpt>
<trkpt lat="23.97158" lon="120.99676"><ele>520</ele><time>2023-10-20T02:57:54.000Z</time></trkpt>
<trkpt lat="23.97153" lon="120.99674"><ele>520</ele><time>2023-10-20T02:57:56.000Z</time></trkpt>
<trkpt lat="23.9714" lon="120.99664"><ele>521</ele><time>2023-10-20T02:58:05.000Z</time></trkpt>
<trkpt lat="23.97133" lon="120.99654"><ele>521</ele><time>2023-10-20T02:58:11.000Z</time></trkpt>
<trkpt lat="23.97115" lon="120.99639"><ele>520</ele><time>2023-10-20T02:58:24.000Z</time></trkpt>
<trkpt lat="23.97112" lon="120.99635"><ele>520</ele><time>2023-10-20T02:58:27.000Z</time></trkpt>
<trkpt lat="23.97112" lon="120.99633"><ele>520</ele><time>2023-10-20T02:58:28.000Z</time></trkpt>
<trkpt lat="23.97117" lon="120.99629"><ele>520</ele><time>2023-10-20T02:58:31.000Z</time></trkpt>
<trkpt lat="23.97148" lon="120.99615"><ele>519</ele><time>2023-10-20T02:58:47.000Z</time></trkpt>
<trkpt lat="23.97167" lon="120.99607"><ele>517</ele><time>2023-10-20T02:58:55.000Z</time></trkpt>
<trkpt lat="23.97181" lon="120.996"><ele>517</ele><time>2023-10-20T02:59:01.000Z</time></trkpt>
<trkpt lat="23.97201" lon="120.99587"><ele>517</ele><time>2023-10-20T02:59:10.000Z</time></trkpt>
<trkpt lat="23.97206" lon="120.99579"><ele>517</ele><time>2023-10-20T02:59:14.000Z</time></trkpt>
<trkpt lat="23.97211" lon="120.99573"><ele>516</ele><time>2023-10-20T02:59:17.000Z</time></trkpt>
<trkpt lat="23.97228" lon="120.9955"><ele>515</ele><time>2023-10-20T02:59:28.000Z</time></trkpt>
<trkpt lat="23.97244" lon="120.99523"><ele>515</ele><time>2023-10-20T02:59:40.000Z</time></trkpt>
<trkpt lat="23.9726" lon="120.99492"><ele>513</ele><time>2023-10-20T02:59:53.000Z</time></trkpt>
<trkpt lat="23.97266" lon="120.99477"><ele>513</ele><time>2023-10-20T02:59:59.000Z</time></trkpt>
<trkpt lat="23.97272" lon="120.9946"><ele>513</ele><time>2023-10-20T03:00:06.000Z</time></trkpt>
<trkpt lat="23.97279" lon="120.99449"><ele>512</ele><time>2023-10-20T03:00:11.000Z</time></trkpt>
<trkpt lat="23.97293" lon="120.99422"><ele>511</ele><time>2023-10-20T03:00:22.000Z</time></trkpt>
<trkpt lat="23.97307" lon="120.99398"><ele>510</ele><time>2023-10-20T03:00:32.000Z</time></trkpt>
<trkpt lat="23.97317" lon="120.99377"><ele>510</ele><time>2023-10-20T03:00:41.000Z</time></trkpt>
<trkpt lat="23.97322" lon="120.9937"><ele>509</ele><time>2023-10-20T03:00:44.000Z</time></trkpt>
<trkpt lat="23.97326" lon="120.99371"><ele>509</ele><time>2023-10-20T03:00:46.000Z</time></trkpt>
<trkpt lat="23.97342" lon="120.99378"><ele>509</ele><time>2023-10-20T03:00:53.000Z</time></trkpt>
<trkpt lat="23.97349" lon="120.99382"><ele>509</ele><time>2023-10-20T03:00:57.000Z</time></trkpt>
<trkpt lat="23.97354" lon="120.99387"><ele>510</ele><time>2023-10-20T03:01:01.000Z</time></trkpt>
<trkpt lat="23.97367" lon="120.99395"><ele>510</ele><time>2023-10-20T03:01:07.000Z</time></trkpt>
<trkpt lat="23.97373" lon="120.994"><ele>509</ele><time>2023-10-20T03:01:10.000Z</time></trkpt>
<trkpt lat="23.97371" lon="120.99404"><ele>506</ele><time>2023-10-18T00:01:21.000Z</time></trkpt>
		</trkseg>
	</trk>
</gpx>
